card_id,build_card_id,nome,ovr,posicao,box,funcao,motor_versao,impeto_aplicado,lote,origem,build_versao,atualizado,motivo,registro_chave
"103041","103041","Luis Rioja","74","MLE",,"Meia de lado por dentro","6","Técnica +1","linha_2998","nativa","v6","2026-08-11 13:42:28.65508+00","vaga livre — A COLETAR","103041|Meia de lado por dentro|6"
"103041","103041","Luis Rioja","74","MLE",,"Meia de lado por fora","6","Técnica +1","linha_3000","nativa","v6","2026-08-11 13:42:34.57656+00","vaga livre — A COLETAR","103041|Meia de lado por fora|6"
"103041","103041","Luis Rioja","74","MLE",,"Meia ofensivo armador","6","Técnica +1","linha_3003","comprada:MO","v6","2026-08-11 13:48:41.695025+00","vaga livre — A COLETAR","103041|Meia ofensivo armador|6"
"103041","103041","Luis Rioja","74","MLE",,"Ponta criadora","6","Técnica +1","linha_12313","comprada:PE","v6","2026-08-17 17:11:58.77159+00","vaga livre — A COLETAR","103041|Ponta criadora|6"
"105686797239795","105686797239795","Douglas Luiz","83","MC","Highlight English League 23-24","Meia central armador","6","Técnica +1","linha_2976","nativa","v6","2026-08-11 10:10:15.548367+00","vaga livre — A COLETAR","105686797239795|Meia central armador|6"
"105686797239795","105686797239795","Douglas Luiz","83","MC","Highlight English League 23-24","Meia central de chegada","6","Agilidade +1","linha_2979","nativa","v6","2026-08-11 10:18:33.87581+00","vaga livre — A COLETAR","105686797239795|Meia central de chegada|6"
"105686797239795","105686797239795","Douglas Luiz","83","MC","Highlight English League 23-24","Meia ofensivo armador","6","Criador de Jogadas +1","linha_2978","comprada:MO","v6","2026-08-11 10:12:21.54665+00","vaga livre — A COLETAR","105686797239795|Meia ofensivo armador|6"
"105686797239795","105686797239795","Douglas Luiz","83","MC","Highlight English League 23-24","Volante de construção","6","Passe +1","linha_2985","comprada:VOL","v6","2026-08-11 11:51:31.37186+00","vaga livre — A COLETAR","105686797239795|Volante de construção|6"
"105687065662081","105687065662081","Luis Rioja","78","MLE","Highlight Spanish League 23-24","Meia de lado por dentro","6","Condução Técnica +1","linha_2981","nativa","v6","2026-08-11 13:07:41.729038+00","vaga livre — A COLETAR","105687065662081|Meia de lado por dentro|6"
"105687065662081","105687065662081","Luis Rioja","78","MLE","Highlight Spanish League 23-24","Meia de lado por fora","6","Técnica +1","linha_2982","nativa","v6","2026-08-11 13:09:51.290292+00","vaga livre — A COLETAR","105687065662081|Meia de lado por fora|6"
"105687065662081","105687065662081","Luis Rioja","78","MLE","Highlight Spanish League 23-24","Meia ofensivo armador","6","Técnica +1","linha_2983","comprada:MO","v6","2026-08-11 13:05:35.215845+00","vaga livre — A COLETAR","105687065662081|Meia ofensivo armador|6"
"105687065662081","105687065662081","Luis Rioja","78","MLE","Highlight Spanish League 23-24","Ponta criadora","6","Física +1","linha_2980","comprada:PE","v6","2026-08-11 19:14:26.178044+00","vaga livre — A COLETAR","105687065662081|Ponta criadora|6"
"105724646566013","105724646566013","Luiz Gustavo","78","VOL","Brazilian League Selection 12 Dec '24","Lateral ofensivo","6","Duelo (Divididas) +1","linha_2807","comprada:LE","v6","2026-08-11 12:30:53.068411+00","vaga livre — A COLETAR","105724646566013|Lateral ofensivo|6"
"105724646566013","105724646566013","Luiz Gustavo","78","VOL","Brazilian League Selection 12 Dec '24","Meia central armador","6","Técnica +1","linha_2794","comprada:MC","v6","2026-08-11 12:18:25.637251+00","vaga livre — A COLETAR","105724646566013|Meia central armador|6"
"105724646566013","105724646566013","Luiz Gustavo","78","VOL","Brazilian League Selection 12 Dec '24","Meia de lado por dentro","6","Técnica +1","linha_2813","comprada:MLE","v6","2026-08-11 12:30:54.418354+00","vaga livre — A COLETAR","105724646566013|Meia de lado por dentro|6"
"105724646566013","105724646566013","Luiz Gustavo","78","VOL","Brazilian League Selection 12 Dec '24","Volante de construção","6","Reconstrução +1","linha_2799","nativa","v6","2026-08-11 12:26:38.877548+00","vaga livre — A COLETAR","105724646566013|Volante de construção|6"
"105724646566013","105724646566013","Luiz Gustavo","78","VOL","Brazilian League Selection 12 Dec '24","Volante de contenção","6","Duelo (Divididas) +1","linha_2795","nativa","v6","2026-08-11 12:22:31.912453+00","vaga livre — A COLETAR","105724646566013|Volante de contenção|6"
"105724646566013","105724646566013","Luiz Gustavo","78","VOL","Brazilian League Selection 12 Dec '24","Zagueiro de saída","6","Bloqueio Aéreo +1","linha_2796","comprada:ZC","v6","2026-08-11 12:22:32.159261+00","vaga livre — A COLETAR","105724646566013|Zagueiro de saída|6"
"105779944357135","105779944357135","Dominik Szoboszlai","83","MO","English League Selection 21 Aug '25","Meia central armador","6","Técnica +1","linha_12130","comprada:MC","v6","2026-08-17 14:48:00.531668+00","vaga livre — A COLETAR","105779944357135|Meia central armador|6"
"105779944357135","105779944357135","Dominik Szoboszlai","83","MO","English League Selection 21 Aug '25","Meia de lado por dentro","6","Condução Técnica +1","linha_10467","comprada:MLE","v6","2026-08-15 19:31:46.57763+00","vaga livre — A COLETAR","105779944357135|Meia de lado por dentro|6"
"105779944357135","105779944357135","Dominik Szoboszlai","83","MO","English League Selection 21 Aug '25","Meia ofensivo armador","6","Técnica +1","linha_3827","nativa","v6","2026-08-17 14:44:18.072588+00","vaga livre — A COLETAR","105779944357135|Meia ofensivo armador|6"
"105779944357135","105779944357135","Dominik Szoboszlai","83","MO","English League Selection 21 Aug '25","Ponta criadora","6","Fantasia +1","linha_3828","comprada:PD","v6","2026-08-17 14:44:18.262617+00","vaga livre — A COLETAR","105779944357135|Ponta criadora|6"
"105779944357135","105779944357135","Dominik Szoboszlai","83","MO","English League Selection 21 Aug '25","Segundo atacante","6","Técnica +1","linha_10472","nativa","v6","2026-08-15 19:31:47.513238+00","vaga livre — A COLETAR","105779944357135|Segundo atacante|6"
"105783165571441","105783165571441","Rafael Leao","83","PE","Italian League Selection 18 Sep '25","Centroavante móvel","6","Instinto Artilheiro +1","linha_10644","comprada:CA","v6","2026-08-15 20:01:13.37379+00","vaga livre — A COLETAR","105783165571441|Centroavante móvel|6"
"105783165571441","105783165571441","Rafael Leao","83","PE","Italian League Selection 18 Sep '25","Meia de lado por dentro","6","Agilidade +1","linha_10664","comprada:MLE","v6","2026-08-15 20:03:22.891993+00","vaga livre — A COLETAR","105783165571441|Meia de lado por dentro|6"
"105783165571441","105783165571441","Rafael Leao","83","PE","Italian League Selection 18 Sep '25","Meia ofensivo armador","6","Criador de Jogadas +1","linha_4494","comprada:SA","v6","2026-08-17 14:46:09.103542+00","vaga livre — A COLETAR","105783165571441|Meia ofensivo armador|6"
"105783165571441","105783165571441","Rafael Leao","83","PE","Italian League Selection 18 Sep '25","Ponta criadora","6","Cruzamento +1","linha_4495","nativa","v6","2026-08-17 14:46:09.266001+00","vaga livre — A COLETAR","105783165571441|Ponta criadora|6"
"105783165571441","105783165571441","Rafael Leao","83","PE","Italian League Selection 18 Sep '25","Ponta finalizadora","6","Agilidade +1","linha_4496","nativa","v6","2026-08-17 14:46:09.42641+00","vaga livre — A COLETAR","105783165571441|Ponta finalizadora|6"
"105783702451920","105783702451920","K. Kvaratskhelia","84","PE","Paris Saint-Germain Selection 6 Oct '25","Centroavante móvel","6","Instinto Artilheiro +1","linha_9984","comprada:CA","v6","2026-08-15 16:36:58.290248+00","vaga livre — A COLETAR","105783702451920|Centroavante móvel|6"
"105783702451920","105783702451920","K. Kvaratskhelia","84","PE","Paris Saint-Germain Selection 6 Oct '25","Meia de lado por dentro","6","Agilidade +1","linha_9986","comprada:MLE","v6","2026-08-15 16:36:58.632612+00","vaga livre — A COLETAR","105783702451920|Meia de lado por dentro|6"
"105783702451920","105783702451920","K. Kvaratskhelia","84","PE","Paris Saint-Germain Selection 6 Oct '25","Meia ofensivo armador","6","Passe +1","linha_4285","comprada:SA","v6","2026-08-17 14:45:33.896914+00","vaga livre — A COLETAR","105783702451920|Meia ofensivo armador|6"
"105783702451920","105783702451920","K. Kvaratskhelia","84","PE","Paris Saint-Germain Selection 6 Oct '25","Ponta criadora","6","Agilidade +1","linha_4287","nativa","v6","2026-08-17 14:45:34.205191+00","vaga livre — A COLETAR","105783702451920|Ponta criadora|6"
"105783702451920","105783702451920","K. Kvaratskhelia","84","PE","Paris Saint-Germain Selection 6 Oct '25","Ponta finalizadora","6","Agilidade +1","linha_4288","nativa","v6","2026-08-17 14:45:34.40841+00","vaga livre — A COLETAR","105783702451920|Ponta finalizadora|6"
"105796318835406","105796318835406","Raul Caceres","79","LD","Brazilian League Selection 25 Sep '25","Lateral defensivo","6","Reconstrução +1","linha_12264","nativa","v6","2026-08-17 16:57:33.329349+00","vaga livre — A COLETAR","105796318835406|Lateral defensivo|6"
"105796318835406","105796318835406","Raul Caceres","79","LD","Brazilian League Selection 25 Sep '25","Lateral ofensivo","6","Agilidade +1","linha_12272","nativa","v6","2026-08-17 16:58:52.846116+00","vaga livre — A COLETAR","105796318835406|Lateral ofensivo|6"
"105796318835406","105796318835406","Raul Caceres","79","LD","Brazilian League Selection 25 Sep '25","Meia de lado por dentro","6","Instinto Artilheiro +1","linha_2395","comprada:MLD","v6","2026-08-10 23:51:20.774337+00","vaga livre — A COLETAR","105796318835406|Meia de lado por dentro|6"
"105796318835406","105796318835406","Raul Caceres","79","LD","Brazilian League Selection 25 Sep '25","Ponta finalizadora","6","Condução Técnica +1","linha_12265","comprada:PD","v6","2026-08-17 16:57:59.594384+00","vaga livre — A COLETAR","105796318835406|Ponta finalizadora|6"
"105796318835406","105796318835406","Raul Caceres","79","LD","Brazilian League Selection 25 Sep '25","Zagueiro de saída","6","Defesa (Roubo) +1","linha_12266","comprada:ZC","v6","2026-08-17 16:58:09.172468+00","vaga livre — A COLETAR","105796318835406|Zagueiro de saída|6"
"105796318836246","105796318836246","Lucas Silva","81","MC","Brazilian League Selection 25 Sep '25","Meia central armador","6","Técnica +1","linha_2394","nativa","v6","2026-08-10 23:41:12.637241+00","vaga livre — A COLETAR","105796318836246|Meia central armador|6"
"105796318836246","105796318836246","Lucas Silva","81","MC","Brazilian League Selection 25 Sep '25","Meia central de chegada","6","Técnica +1","linha_2396","nativa","v6","2026-08-11 01:26:52.558819+00","vaga livre — A COLETAR","105796318836246|Meia central de chegada|6"
"105796318836246","105796318836246","Lucas Silva","81","MC","Brazilian League Selection 25 Sep '25","Meia de lado por dentro","6","Técnica +1","linha_2406","comprada:MLD","v6","2026-08-11 02:01:40.919165+00","vaga livre — A COLETAR","105796318836246|Meia de lado por dentro|6"
"105796318836246","105796318836246","Lucas Silva","81","MC","Brazilian League Selection 25 Sep '25","Meia ofensivo armador","6","Técnica +1","linha_2397","comprada:MO","v6","2026-08-11 01:41:01.152913+00","vaga livre — A COLETAR","105796318836246|Meia ofensivo armador|6"
"105796318836246","105796318836246","Lucas Silva","81","MC","Brazilian League Selection 25 Sep '25","Volante de construção","6","Reconstrução +1","linha_2462","comprada:VOL","v6","2026-08-11 05:01:50.706574+00","vaga livre — A COLETAR","105796318836246|Volante de construção|6"
"105796318894173","105796318894173","Rafael Borre","80","CA","Brazilian League Selection 25 Sep '25","Centroavante fixo","6","Força +1","linha_12248","nativa","v6","2026-08-17 16:55:45.646733+00","vaga livre — A COLETAR","105796318894173|Centroavante fixo|6"
"105796318894173","105796318894173","Rafael Borre","80","CA","Brazilian League Selection 25 Sep '25","Centroavante móvel","6","Instinto Artilheiro +1","linha_12250","nativa","v6","2026-08-17 16:55:50.170691+00","vaga livre — A COLETAR","105796318894173|Centroavante móvel|6"
"105796318894173","105796318894173","Rafael Borre","80","CA","Brazilian League Selection 25 Sep '25","Falso nove","6","Instinto Artilheiro +1","linha_12255","nativa","v6","2026-08-17 16:56:35.427853+00","vaga livre — A COLETAR","105796318894173|Falso nove|6"
"105796318894173","105796318894173","Rafael Borre","80","CA","Brazilian League Selection 25 Sep '25","Meia ofensivo armador","6","Técnica +1","linha_12251","comprada:MO","v6","2026-08-17 16:56:16.515504+00","vaga livre — A COLETAR","105796318894173|Meia ofensivo armador|6"
"105796318894173","105796318894173","Rafael Borre","80","CA","Brazilian League Selection 25 Sep '25","Ponta finalizadora","6","Condução Técnica +1","linha_12252","comprada:PE","v6","2026-08-17 16:56:25.651863+00","vaga livre — A COLETAR","105796318894173|Ponta finalizadora|6"
"105796318903040","105796318903040","Allan","78","MC","Brazilian League Selection 25 Sep '25","Lateral ofensivo","6","Agilidade +1","linha_12287","comprada:LE","v6","2026-08-17 17:05:00.243077+00","vaga livre — A COLETAR","105796318903040|Lateral ofensivo|6"
"105796318903040","105796318903040","Allan","78","MC","Brazilian League Selection 25 Sep '25","Meia central armador","6","Técnica +1","linha_12286","nativa","v6","2026-08-17 17:03:51.214648+00","vaga livre — A COLETAR","105796318903040|Meia central armador|6"
"105796318903040","105796318903040","Allan","78","MC","Brazilian League Selection 25 Sep '25","Meia central de chegada","6","Agilidade +1","linha_12296","nativa","v6","2026-08-17 17:06:37.274368+00","vaga livre — A COLETAR","105796318903040|Meia central de chegada|6"
"105796318903040","105796318903040","Allan","78","MC","Brazilian League Selection 25 Sep '25","Meia de lado por dentro","6","Condução Técnica +1","linha_12289","comprada:MLE","v6","2026-08-17 17:05:03.712916+00","vaga livre — A COLETAR","105796318903040|Meia de lado por dentro|6"
"105796318903040","105796318903040","Allan","78","MC","Brazilian League Selection 25 Sep '25","Meia ofensivo armador","6","Passe +1","linha_12288","comprada:MO","v6","2026-08-17 17:05:02.034193+00","vaga livre — A COLETAR","105796318903040|Meia ofensivo armador|6"
"105796318903040","105796318903040","Allan","78","MC","Brazilian League Selection 25 Sep '25","Volante de construção","6","Duelo (Divididas) +1","linha_2638","comprada:VOL","v6","2026-08-11 10:25:16.086521+00","vaga livre — A COLETAR","105796318903040|Volante de construção|6"
"105796318916611","105796318916611","Eric Ramires","81","MC","Brazilian League Selection 25 Sep '25","Meia central armador","6","Técnica +1","linha_2426","nativa","v6","2026-08-11 03:01:04.459231+00","vaga livre — A COLETAR","105796318916611|Meia central armador|6"
"105796318916611","105796318916611","Eric Ramires","81","MC","Brazilian League Selection 25 Sep '25","Meia central de chegada","6","Técnica +1","linha_2428","nativa","v6","2026-08-11 03:29:21.89765+00","vaga livre — A COLETAR","105796318916611|Meia central de chegada|6"
"105796318916611","105796318916611","Eric Ramires","81","MC","Brazilian League Selection 25 Sep '25","Meia de lado por dentro","6","Condução Técnica +1","linha_2429","comprada:MLD","v6","2026-08-11 03:45:31.643404+00","vaga livre — A COLETAR","105796318916611|Meia de lado por dentro|6"
"105796318916611","105796318916611","Eric Ramires","81","MC","Brazilian League Selection 25 Sep '25","Segundo atacante","6","Condução Técnica +1","linha_2436","comprada:MO","v6","2026-08-11 04:22:20.941764+00","vaga livre — A COLETAR","105796318916611|Segundo atacante|6"
"105796318916611","105796318916611","Eric Ramires","81","MC","Brazilian League Selection 25 Sep '25","Volante de contenção","6","Duelo +1","linha_2450","comprada:VOL","v6","2026-08-11 04:41:00.480825+00","vaga livre — A COLETAR","105796318916611|Volante de contenção|6"
"105796318919671","105796318919671","Sabino","80","ZC","Brazilian League Selection 25 Sep '25","Zagueiro de combate","6","Contra-ataque +1","linha_2383","nativa","v6","2026-08-10 23:06:35.279084+00","vaga livre — A COLETAR","105796318919671|Zagueiro de combate|6"
"105796318919671","105796318919671","Sabino","80","ZC","Brazilian League Selection 25 Sep '25","Zagueiro de saída","6","Reconstrução +1","linha_2384","nativa","v6","2026-08-10 23:06:35.539899+00","vaga livre — A COLETAR","105796318919671|Zagueiro de saída|6"
"105799003189215","105799003189215","Paul Pogba","82","MC","AS Monaco Selection 20 Apr '26","Meia central armador","6","Agilidade +1","linha_4677","nativa","v6","2026-08-17 14:46:39.5552+00","vaga livre — A COLETAR","105799003189215|Meia central armador|6"
"105799003189215","105799003189215","Paul Pogba","82","MC","AS Monaco Selection 20 Apr '26","Meia central de chegada","6","Agilidade +1","linha_4679","nativa","v6","2026-08-17 14:46:39.917419+00","vaga livre — A COLETAR","105799003189215|Meia central de chegada|6"
"105799003189215","105799003189215","Paul Pogba","82","MC","AS Monaco Selection 20 Apr '26","Meia de lado por fora","6","Cruzamento +1","linha_11266","comprada:MLE","v6","2026-08-15 23:07:56.045237+00","vaga livre — A COLETAR","105799003189215|Meia de lado por fora|6"
"105799003189215","105799003189215","Paul Pogba","82","MC","AS Monaco Selection 20 Apr '26","Meia ofensivo armador","6","Técnica +1","linha_4680","comprada:MO","v6","2026-08-17 14:46:40.078994+00","vaga livre — A COLETAR","105799003189215|Meia ofensivo armador|6"
"105799003189215","105799003189215","Paul Pogba","82","MC","AS Monaco Selection 20 Apr '26","Volante de construção","6","Contra-ataque +1","linha_11274","comprada:VOL","v6","2026-08-15 23:07:57.413458+00","vaga livre — A COLETAR","105799003189215|Volante de construção|6"
"105799271717572","105799271717572","Florian Wirtz","84","MO","Liverpool R Selection 23 Mar '26","Centroavante móvel","6","Instinto Artilheiro +1","linha_9985","comprada:CA","v6","2026-08-15 16:36:58.453381+00","vaga livre — A COLETAR","105799271717572|Centroavante móvel|6"
"105799271717572","105799271717572","Florian Wirtz","84","MO","Liverpool R Selection 23 Mar '26","Meia central de chegada","6","Cruzamento +1","linha_4290","comprada:MC","v6","2026-08-17 14:45:34.728646+00","vaga livre — A COLETAR","105799271717572|Meia central de chegada|6"
"105799271717572","105799271717572","Florian Wirtz","84","MO","Liverpool R Selection 23 Mar '26","Meia de lado por dentro","6","Agilidade +1","linha_9989","comprada:MLE","v6","2026-08-15 16:37:04.570325+00","vaga livre — A COLETAR","105799271717572|Meia de lado por dentro|6"
"105799271717572","105799271717572","Florian Wirtz","84","MO","Liverpool R Selection 23 Mar '26","Meia ofensivo armador","6","Passe +1","linha_4289","nativa","v6","2026-08-17 14:45:34.572852+00","vaga livre — A COLETAR","105799271717572|Meia ofensivo armador|6"
"105799271717572","105799271717572","Florian Wirtz","84","MO","Liverpool R Selection 23 Mar '26","Ponta finalizadora","6","Agilidade +1","linha_4291","comprada:PD","v6","2026-08-17 14:45:34.960328+00","vaga livre — A COLETAR","105799271717572|Ponta finalizadora|6"
"105799271717572","105799271717572","Florian Wirtz","84","MO","Liverpool R Selection 23 Mar '26","Segundo atacante","6","Agilidade +1","linha_9999","nativa","v6","2026-08-15 16:43:24.98832+00","vaga livre — A COLETAR","105799271717572|Segundo atacante|6"
"105799540139370","105799540139370","Antoine Semenyo","83","PD","Winter Transfer 23 Feb '26","Centroavante móvel","6","Instinto Artilheiro +1","linha_10657","comprada:CA","v6","2026-08-15 20:02:41.884539+00","vaga livre — A COLETAR","105799540139370|Centroavante móvel|6"
"105799540139370","105799540139370","Antoine Semenyo","83","PD","Winter Transfer 23 Feb '26","Meia de lado por dentro","6","Condução Técnica +1","linha_10673","comprada:MLE","v6","2026-08-15 20:03:24.457689+00","vaga livre — A COLETAR","105799540139370|Meia de lado por dentro|6"
"105799540139370","105799540139370","Antoine Semenyo","83","PD","Winter Transfer 23 Feb '26","Meia ofensivo armador","6","Técnica +1","linha_4497","comprada:SA","v6","2026-08-17 14:46:09.606729+00","vaga livre — A COLETAR","105799540139370|Meia ofensivo armador|6"
"105799540139370","105799540139370","Antoine Semenyo","83","PD","Winter Transfer 23 Feb '26","Ponta criadora","6","Instinto Artilheiro +1","linha_4503","nativa","v6","2026-08-17 14:46:10.648282+00","vaga livre — A COLETAR","105799540139370|Ponta criadora|6"
"105799540139370","105799540139370","Antoine Semenyo","83","PD","Winter Transfer 23 Feb '26","Ponta finalizadora","6","Agilidade +1","linha_4500","nativa","v6","2026-08-17 14:46:10.138+00","vaga livre — A COLETAR","105799540139370|Ponta finalizadora|6"
"105799808584103","105799808584103","Erling Haaland","85","CA","Manchester B Selection 26 Jan '26","Centroavante fixo","6","Disputa Aérea +1","linha_9264","nativa","v6","2026-08-15 13:06:35.840968+00","vaga livre — A COLETAR","105799808584103|Centroavante fixo|6"
"105799808584103","105799808584103","Erling Haaland","85","CA","Manchester B Selection 26 Jan '26","Centroavante móvel","6","Agilidade +1","linha_9267","nativa","v6","2026-08-15 13:06:36.493356+00","vaga livre — A COLETAR","105799808584103|Centroavante móvel|6"
"105799808584103","105799808584103","Erling Haaland","85","CA","Manchester B Selection 26 Jan '26","Falso nove","6","Instinto Artilheiro +1","linha_9273","nativa","v6","2026-08-15 13:06:37.817429+00","vaga livre — A COLETAR","105799808584103|Falso nove|6"
"105800345448096","105800345448096","Julian Alvarez","83","CA","Madrid Rosas RB Selection 1 Dec '25","Centroavante fixo","6","Força +1","linha_10479","nativa","v6","2026-08-07 04:42:28.531668+00","vaga livre — A COLETAR","105800345448096|Centroavante fixo|6"
"105800345448096","105800345448096","Julian Alvarez","83","CA","Madrid Rosas RB Selection 1 Dec '25","Centroavante móvel","6","Instinto Artilheiro +1","linha_10481","nativa","v6","2026-08-07 04:42:30.519824+00","vaga livre — A COLETAR","105800345448096|Centroavante móvel|6"
"105800345448096","105800345448096","Julian Alvarez","83","CA","Madrid Rosas RB Selection 1 Dec '25","Falso nove","6","Instinto Artilheiro +1","linha_10485","nativa","v6","2026-08-15 19:34:01.496422+00","vaga livre — A COLETAR","105800345448096|Falso nove|6"
"105800345448096","105800345448096","Julian Alvarez","83","CA","Madrid Rosas RB Selection 1 Dec '25","Meia de lado por dentro","6","Agilidade +1","linha_10483","comprada:MLD","v6","2026-08-15 19:34:01.128692+00","vaga livre — A COLETAR","105800345448096|Meia de lado por dentro|6"
"105800345448096","105800345448096","Julian Alvarez","83","CA","Madrid Rosas RB Selection 1 Dec '25","Meia ofensivo armador","6","Passe +1","linha_3829","comprada:MO","v6","2026-08-17 14:44:18.43526+00","vaga livre — A COLETAR","105800345448096|Meia ofensivo armador|6"
"105800345448096","105800345448096","Julian Alvarez","83","CA","Madrid Rosas RB Selection 1 Dec '25","Ponta finalizadora","6","Agilidade +1","linha_3830","comprada:PD","v6","2026-08-17 14:44:18.627962+00","vaga livre — A COLETAR","105800345448096|Ponta finalizadora|6"
"105800882303664","105800882303664","Cristian Romero","83","ZC","Tottenham WB Selection 3 Nov '25","Zagueiro de combate","6","Duelo (Divididas) +1","linha_4498","nativa","v6","2026-08-17 14:46:09.786094+00","vaga livre — A COLETAR","105800882303664|Zagueiro de combate|6"
"105800882303664","105800882303664","Cristian Romero","83","ZC","Tottenham WB Selection 3 Nov '25","Zagueiro de saída","6","Bloqueio Aéreo +1","linha_4499","nativa","v6","2026-08-17 14:46:09.972418+00","vaga livre — A COLETAR","105800882303664|Zagueiro de saída|6"
"105801150771036","105801150771036","Moises Caicedo","83","VOL","Chelsea B Selection 18 May '26","Lateral ofensivo","6","Agilidade +1","linha_10486","comprada:LD","v6","2026-08-15 19:34:01.653647+00","vaga livre — A COLETAR","105801150771036|Lateral ofensivo|6"
"105801150771036","105801150771036","Moises Caicedo","83","VOL","Chelsea B Selection 18 May '26","Meia central armador","6","Técnica +1","linha_12129","comprada:MC","v6","2026-08-17 14:48:00.367849+00","vaga livre — A COLETAR","105801150771036|Meia central armador|6"
"105801150771036","105801150771036","Moises Caicedo","83","VOL","Chelsea B Selection 18 May '26","Volante de construção","6","Precisão +1","linha_10489","nativa","v6","2026-08-15 19:34:02.143393+00","vaga livre — A COLETAR","105801150771036|Volante de construção|6"
"105801150771036","105801150771036","Moises Caicedo","83","VOL","Chelsea B Selection 18 May '26","Volante de contenção","6","Duelo (Divididas) +1","linha_10484","nativa","v6","2026-08-15 19:34:01.324945+00","vaga livre — A COLETAR","105801150771036|Volante de contenção|6"
"105801687618534","105801687618534","Aurelien Tchouameni","83","VOL","Spanish League Selection 2 Apr '26","Meia central armador","6","Técnica +1","linha_12128","comprada:MC","v6","2026-08-17 14:48:00.2183+00","vaga livre — A COLETAR","105801687618534|Meia central armador|6"
"105801687618534","105801687618534","Aurelien Tchouameni","83","VOL","Spanish League Selection 2 Apr '26","Meia ofensivo armador","6","Técnica +1","linha_3832","comprada:MO","v6","2026-08-17 14:44:18.977856+00","vaga livre — A COLETAR","105801687618534|Meia ofensivo armador|6"
"105801687618534","105801687618534","Aurelien Tchouameni","83","VOL","Spanish League Selection 2 Apr '26","Volante de construção","6","Reconstrução +1","linha_10492","nativa","v6","2026-08-15 19:36:14.064085+00","vaga livre — A COLETAR","105801687618534|Volante de construção|6"
"105801687618534","105801687618534","Aurelien Tchouameni","83","VOL","Spanish League Selection 2 Apr '26","Volante de contenção","6","Duelo (Divididas) +1","linha_10490","nativa","v6","2026-08-15 19:34:07.752256+00","vaga livre — A COLETAR","105801687618534|Volante de contenção|6"
"105801687618534","105801687618534","Aurelien Tchouameni","83","VOL","Spanish League Selection 2 Apr '26","Zagueiro de saída","6","Bloqueio Aéreo +1","linha_3831","comprada:ZC","v6","2026-08-17 14:44:18.795494+00","vaga livre — A COLETAR","105801687618534|Zagueiro de saída|6"
"105801956046312","105801956046312","Christian Pulisic","83","CA","Italian League Selection 5 Mar '26","Centroavante fixo","6","Chute +1","linha_10487","nativa","v6","2026-08-07 04:42:28.531668+00","vaga livre — A COLETAR","105801956046312|Centroavante fixo|6"
"105801956046312","105801956046312","Christian Pulisic","83","CA","Italian League Selection 5 Mar '26","Centroavante móvel","6","Instinto Artilheiro +1","linha_10488","nativa","v6","2026-08-07 04:42:30.519824+00","vaga livre — A COLETAR","105801956046312|Centroavante móvel|6"
"105801956046312","105801956046312","Christian Pulisic","83","CA","Italian League Selection 5 Mar '26","Falso nove","6","Criador de Jogadas +1","linha_10501","nativa","v6","2026-08-15 19:38:21.558582+00","vaga livre — A COLETAR","105801956046312|Falso nove|6"
"105801956046312","105801956046312","Christian Pulisic","83","CA","Italian League Selection 5 Mar '26","Meia central armador","6","Técnica +1","linha_3833","comprada:MC","v6","2026-08-17 14:44:19.143555+00","vaga livre — A COLETAR","105801956046312|Meia central armador|6"
"105801956046312","105801956046312","Christian Pulisic","83","CA","Italian League Selection 5 Mar '26","Meia de lado por dentro","6","Condução Técnica +1","linha_10493","comprada:MLE","v6","2026-08-15 19:36:14.249161+00","vaga livre — A COLETAR","105801956046312|Meia de lado por dentro|6"
"105801956046312","105801956046312","Christian Pulisic","83","CA","Italian League Selection 5 Mar '26","Meia ofensivo armador","6","Técnica +1","linha_3835","comprada:MO","v6","2026-08-17 14:44:19.455143+00","vaga livre — A COLETAR","105801956046312|Meia ofensivo armador|6"
"105801956046312","105801956046312","Christian Pulisic","83","CA","Italian League Selection 5 Mar '26","Ponta finalizadora","6","Agilidade +1","linha_3834","comprada:PE","v6","2026-08-17 14:44:19.287044+00","vaga livre — A COLETAR","105801956046312|Ponta finalizadora|6"
"105802224484472","105802224484472","Phil Foden","83","MO","English League Selection 5 Feb '26","Centroavante móvel","6","Sem Bola +1","linha_10491","comprada:CA","v6","2026-08-15 19:36:13.880107+00","vaga livre — A COLETAR","105802224484472|Centroavante móvel|6"
"105802224484472","105802224484472","Phil Foden","83","MO","English League Selection 5 Feb '26","Meia central armador","6","Cruzamento +1","linha_12131","comprada:MC","v6","2026-08-17 14:48:00.710603+00","vaga livre — A COLETAR","105802224484472|Meia central armador|6"
"105802224484472","105802224484472","Phil Foden","83","MO","English League Selection 5 Feb '26","Meia de lado por dentro","6","Agilidade +1","linha_10497","comprada:MLE","v6","2026-08-15 19:36:14.904797+00","vaga livre — A COLETAR","105802224484472|Meia de lado por dentro|6"
"105802224484472","105802224484472","Phil Foden","83","MO","English League Selection 5 Feb '26","Meia ofensivo armador","6","Passe +1","linha_3836","nativa","v6","2026-08-17 14:44:19.605938+00","vaga livre — A COLETAR","105802224484472|Meia ofensivo armador|6"
"105802224484472","105802224484472","Phil Foden","83","MO","English League Selection 5 Feb '26","Ponta criadora","6","Cruzamento +1","linha_3837","comprada:PD","v6","2026-08-17 14:44:19.772921+00","vaga livre — A COLETAR","105802224484472|Ponta criadora|6"
"105802224484472","105802224484472","Phil Foden","83","MO","English League Selection 5 Feb '26","Segundo atacante","6","Agilidade +1","linha_10504","nativa","v6","2026-08-15 19:39:24.70801+00","vaga livre — A COLETAR","105802224484472|Segundo atacante|6"
"105802492809642","105802492809642","Cristiano Ronaldo","84","CA","National Teams Selection 8 Jan '26","Centroavante fixo","6","Instinto Artilheiro +1","linha_9987","nativa","v6","2026-08-15 16:36:58.796507+00","vaga livre — A COLETAR","105802492809642|Centroavante fixo|6"
"105802492809642","105802492809642","Cristiano Ronaldo","84","CA","National Teams Selection 8 Jan '26","Centroavante móvel","6","Sem Bola +1","linha_9988","nativa","v6","2026-08-15 16:36:58.97329+00","vaga livre — A COLETAR","105802492809642|Centroavante móvel|6"
"105802492809642","105802492809642","Cristiano Ronaldo","84","CA","National Teams Selection 8 Jan '26","Falso nove","6","Instinto Artilheiro +1","linha_9994","nativa","v6","2026-08-15 16:39:11.593711+00","vaga livre — A COLETAR","105802492809642|Falso nove|6"
"105802492809642","105802492809642","Cristiano Ronaldo","84","CA","National Teams Selection 8 Jan '26","Meia de lado por dentro","6","Condução Técnica +1","linha_9993","comprada:MLE","v6","2026-08-15 16:39:11.431983+00","vaga livre — A COLETAR","105802492809642|Meia de lado por dentro|6"
"105802492809642","105802492809642","Cristiano Ronaldo","84","CA","National Teams Selection 8 Jan '26","Meia ofensivo armador","6","Técnica +1","linha_4293","comprada:MO","v6","2026-08-17 14:45:35.364901+00","vaga livre — A COLETAR","105802492809642|Meia ofensivo armador|6"
"105802492809642","105802492809642","Cristiano Ronaldo","84","CA","National Teams Selection 8 Jan '26","Ponta finalizadora","6","Condução Técnica +1","linha_4292","comprada:PE","v6","2026-08-17 14:45:35.202637+00","vaga livre — A COLETAR","105802492809642|Ponta finalizadora|6"
"105802761407743","105802761407743","Estevao","82","MLD","Young Stars 11 Dec '25","Centroavante móvel","6","Instinto Artilheiro +1","linha_11272","comprada:CA","v6","2026-08-15 23:07:57.051942+00","vaga livre — A COLETAR","105802761407743|Centroavante móvel|6"
"105802761407743","105802761407743","Estevao","82","MLD","Young Stars 11 Dec '25","Meia de lado por dentro","6","Sem Bola +1","linha_11282","nativa","v6","2026-08-15 23:12:10.767124+00","vaga livre — A COLETAR","105802761407743|Meia de lado por dentro|6"
"105802761407743","105802761407743","Estevao","82","MLD","Young Stars 11 Dec '25","Meia de lado por fora","6","Sem Bola +1","linha_11280","nativa","v6","2026-08-15 23:10:04.396203+00","vaga livre — A COLETAR","105802761407743|Meia de lado por fora|6"
"105802761407743","105802761407743","Estevao","82","MLD","Young Stars 11 Dec '25","Ponta finalizadora","6","Sem Bola +1","linha_4681","comprada:PD","v6","2026-08-17 14:46:40.254815+00","vaga livre — A COLETAR","105802761407743|Ponta finalizadora|6"
"105802761407743","105802761407743","Estevao","82","MLD","Young Stars 11 Dec '25","Segundo atacante","6","Técnica +1","linha_11315","comprada:MO","v6","2026-08-15 23:14:33.5101+00","vaga livre — A COLETAR","105802761407743|Segundo atacante|6"
"105803029802332","105803029802332","Mason Greenwood","82","MLD","European Clubs Selection 13 Nov '25","Centroavante móvel","6","Instinto Artilheiro +1","linha_11089","comprada:CA","v6","2026-08-15 22:35:25.274297+00","vaga livre — A COLETAR","105803029802332|Centroavante móvel|6"
"105803029802332","105803029802332","Mason Greenwood","82","MLD","European Clubs Selection 13 Nov '25","Meia de lado por dentro","6","Agilidade +1","linha_11098","nativa","v6","2026-08-07 15:22:46.441759+00","vaga livre — A COLETAR","105803029802332|Meia de lado por dentro|6"
"105803029802332","105803029802332","Mason Greenwood","82","MLD","European Clubs Selection 13 Nov '25","Meia de lado por fora","6","Cruzamento +1","linha_11091","nativa","v6","2026-08-15 22:37:32.475148+00","vaga livre — A COLETAR","105803029802332|Meia de lado por fora|6"
"105803029802332","105803029802332","Mason Greenwood","82","MLD","European Clubs Selection 13 Nov '25","Ponta finalizadora","6","Agilidade +1","linha_3856","comprada:PD","v6","2026-08-17 14:44:22.961506+00","vaga livre — A COLETAR","105803029802332|Ponta finalizadora|6"
"105803029802332","105803029802332","Mason Greenwood","82","MLD","European Clubs Selection 13 Nov '25","Segundo atacante","6","Técnica +1","linha_11114","comprada:SA","v6","2026-08-15 22:39:43.104806+00","vaga livre — A COLETAR","105803029802332|Segundo atacante|6"
"105803835101144","105803835101144","Santiago Gimenez","81","CA","AC Milan Pack 25-26","Centroavante fixo","6","Disputa Aérea +1","linha_11682","nativa","v6","2026-08-16 00:52:07.662545+00","vaga livre — A COLETAR","105803835101144|Centroavante fixo|6"
"105803835101144","105803835101144","Santiago Gimenez","81","CA","AC Milan Pack 25-26","Centroavante móvel","6","Instinto Artilheiro +1","linha_11684","nativa","v6","2026-08-16 00:52:08.008684+00","vaga livre — A COLETAR","105803835101144|Centroavante móvel|6"
"105803835101144","105803835101144","Santiago Gimenez","81","CA","AC Milan Pack 25-26","Falso nove","6","Instinto Artilheiro +1","linha_11699","nativa","v6","2026-08-16 00:54:58.542535+00","vaga livre — A COLETAR","105803835101144|Falso nove|6"
"105803835101553","105803835101553","Rafael Leao","84","CA","AC Milan Pack 25-26","Centroavante fixo","6","Criador de Jogadas +1","linha_9991","nativa","v6","2026-08-15 16:39:11.088941+00","vaga livre — A COLETAR","105803835101553|Centroavante fixo|6"
"105803835101553","105803835101553","Rafael Leao","84","CA","AC Milan Pack 25-26","Centroavante móvel","6","Instinto Artilheiro +1","linha_9992","nativa","v6","2026-08-15 16:39:11.271968+00","vaga livre — A COLETAR","105803835101553|Centroavante móvel|6"
"105803835101553","105803835101553","Rafael Leao","84","CA","AC Milan Pack 25-26","Falso nove","6","Criador de Jogadas +1","linha_9995","nativa","v6","2026-08-15 16:39:11.760776+00","vaga livre — A COLETAR","105803835101553|Falso nove|6"
"105803835101553","105803835101553","Rafael Leao","84","CA","AC Milan Pack 25-26","Meia de lado por dentro","6","Agilidade +1","linha_9996","comprada:MLE","v6","2026-08-15 16:41:18.287835+00","vaga livre — A COLETAR","105803835101553|Meia de lado por dentro|6"
"105803835101553","105803835101553","Rafael Leao","84","CA","AC Milan Pack 25-26","Meia ofensivo armador","6","Física +1","linha_4294","comprada:MO","v6","2026-08-17 14:45:35.602913+00","vaga livre — A COLETAR","105803835101553|Meia ofensivo armador|6"
"105803835101553","105803835101553","Rafael Leao","84","CA","AC Milan Pack 25-26","Ponta finalizadora","6","Agilidade +1","linha_4295","comprada:PD","v6","2026-08-17 14:45:35.770626+00","vaga livre — A COLETAR","105803835101553|Ponta finalizadora|6"
"105804103532762","105804103532762","Eberechi Eze","83","MO","Arsenal FC Pack 25-26","Centroavante móvel","6","Instinto Artilheiro +1","linha_10676","comprada:CA","v6","2026-08-15 20:03:25.007145+00","vaga livre — A COLETAR","105804103532762|Centroavante móvel|6"
"105804103532762","105804103532762","Eberechi Eze","83","MO","Arsenal FC Pack 25-26","Meia central armador","6","Passe +1","linha_4501","comprada:MC","v6","2026-08-17 14:46:10.310818+00","vaga livre — A COLETAR","105804103532762|Meia central armador|6"
"105804103532762","105804103532762","Eberechi Eze","83","MO","Arsenal FC Pack 25-26","Meia de lado por dentro","6","Agilidade +1","linha_10678","comprada:MLE","v6","2026-08-15 20:05:37.362463+00","vaga livre — A COLETAR","105804103532762|Meia de lado por dentro|6"
"105804103532762","105804103532762","Eberechi Eze","83","MO","Arsenal FC Pack 25-26","Meia ofensivo armador","6","Passe +1","linha_4502","nativa","v6","2026-08-17 14:46:10.48771+00","vaga livre — A COLETAR","105804103532762|Meia ofensivo armador|6"
"105804103532762","105804103532762","Eberechi Eze","83","MO","Arsenal FC Pack 25-26","Ponta criadora","6","Agilidade +1","linha_4505","comprada:PD","v6","2026-08-17 14:46:11.009815+00","vaga livre — A COLETAR","105804103532762|Ponta criadora|6"
"105804103532762","105804103532762","Eberechi Eze","83","MO","Arsenal FC Pack 25-26","Segundo atacante","6","Agilidade +1","linha_10684","nativa","v6","2026-08-15 20:07:44.364433+00","vaga livre — A COLETAR","105804103532762|Segundo atacante|6"
"105804103544545","105804103544545","William Saliba","85","ZC","Arsenal FC Pack 25-26","Lateral defensivo","6","Duelo (Divididas) +1",,"basica:LD","v6","2026-08-19 02:47:36.923193+00","vaga livre — A COLETAR","105804103544545|Lateral defensivo|6"
"105804103544545","105804103544545","William Saliba","85","ZC","Arsenal FC Pack 25-26","Lateral ofensivo","6","Cruzamento +1","linha_8939","comprada:LD","v6","2026-08-15 13:05:22.509171+00","vaga livre — A COLETAR","105804103544545|Lateral ofensivo|6"
"105804103544545","105804103544545","William Saliba","85","ZC","Arsenal FC Pack 25-26","Zagueiro de combate","6","Defesa (Roubo) +1","linha_3738","nativa","v6","2026-08-17 14:44:02.899426+00","vaga livre — A COLETAR","105804103544545|Zagueiro de combate|6"
"105804103544545","105804103544545","William Saliba","85","ZC","Arsenal FC Pack 25-26","Zagueiro de saída","6","Bloqueio Aéreo +1","linha_3739","nativa","v6","2026-08-17 14:44:03.078499+00","vaga livre — A COLETAR","105804103544545|Zagueiro de saída|6"
"105804103548058","105804103548058","Martin Zubimendi","83","VOL","Arsenal FC Pack 25-26","Meia central armador","6","Passe +1","linha_4504","comprada:MC","v6","2026-08-17 14:46:10.822582+00","vaga livre — A COLETAR","105804103548058|Meia central armador|6"
"105804103548058","105804103548058","Martin Zubimendi","83","VOL","Arsenal FC Pack 25-26","Volante de construção","6","Precisão +1","linha_10682","nativa","v6","2026-08-15 20:05:38.038308+00","vaga livre — A COLETAR","105804103548058|Volante de construção|6"
"105804103548058","105804103548058","Martin Zubimendi","83","VOL","Arsenal FC Pack 25-26","Volante de contenção","6","Duelo (Divididas) +1","linha_10681","nativa","v6","2026-08-15 20:05:37.878227+00","vaga livre — A COLETAR","105804103548058|Volante de contenção|6"
"105804103565865","105804103565865","Cristhian Mosquera","83","ZC","Arsenal FC Pack 25-26","Lateral ofensivo","6","Cruzamento +1","linha_10686","comprada:LD","v6","2026-08-15 20:09:56.142634+00","vaga livre — A COLETAR","105804103565865|Lateral ofensivo|6"
"105804103565865","105804103565865","Cristhian Mosquera","83","ZC","Arsenal FC Pack 25-26","Zagueiro de combate","6","Defesa (Roubo) +1","linha_4506","nativa","v6","2026-08-17 14:46:11.162728+00","vaga livre — A COLETAR","105804103565865|Zagueiro de combate|6"
"105804103565865","105804103565865","Cristhian Mosquera","83","ZC","Arsenal FC Pack 25-26","Zagueiro de saída","6","Bloqueio Aéreo +1","linha_4507","nativa","v6","2026-08-17 14:46:11.326606+00","vaga livre — A COLETAR","105804103565865|Zagueiro de saída|6"
"105804371954409","105804371954409","Hakan Calhanoglu","83","VOL","Internazionale Milano Pack 25-26","Meia central armador","6","Técnica +1","linha_4508","comprada:MC","v6","2026-08-17 14:46:11.507926+00","vaga livre — A COLETAR","105804371954409|Meia central armador|6"
"105804371954409","105804371954409","Hakan Calhanoglu","83","VOL","Internazionale Milano Pack 25-26","Meia de lado por dentro","6","Condução Técnica +1","linha_10687","comprada:MLE","v6","2026-08-15 20:09:56.341794+00","vaga livre — A COLETAR","105804371954409|Meia de lado por dentro|6"
"105804371954409","105804371954409","Hakan Calhanoglu","83","VOL","Internazionale Milano Pack 25-26","Meia ofensivo armador","6","Técnica +1","linha_4510","comprada:SA","v6","2026-08-17 14:46:11.821592+00","vaga livre — A COLETAR","105804371954409|Meia ofensivo armador|6"
"105804371954409","105804371954409","Hakan Calhanoglu","83","VOL","Internazionale Milano Pack 25-26","Ponta finalizadora","6","Agilidade +1","linha_4509","comprada:PD","v6","2026-08-17 14:46:11.672474+00","vaga livre — A COLETAR","105804371954409|Ponta finalizadora|6"
"105804371954409","105804371954409","Hakan Calhanoglu","83","VOL","Internazionale Milano Pack 25-26","Volante de construção","6","Reconstrução +1","linha_10732","nativa","v6","2026-08-15 20:20:39.510764+00","vaga livre — A COLETAR","105804371954409|Volante de construção|6"
"105804371954409","105804371954409","Hakan Calhanoglu","83","VOL","Internazionale Milano Pack 25-26","Volante de contenção","6","Duelo (Divididas) +1","linha_10692","nativa","v6","2026-08-15 20:14:09.640167+00","vaga livre — A COLETAR","105804371954409|Volante de contenção|6"
"105804371956998","105804371956998","Nicolo Barella","84","MC","Internazionale Milano Pack 25-26","Meia central armador","6","Técnica +1","linha_4296","nativa","v6","2026-08-17 14:45:35.958429+00","vaga livre — A COLETAR","105804371956998|Meia central armador|6"
"105804371956998","105804371956998","Nicolo Barella","84","MC","Internazionale Milano Pack 25-26","Meia central de chegada","6","Técnica +1","linha_4303","nativa","v6","2026-08-17 14:45:37.210324+00","vaga livre — A COLETAR","105804371956998|Meia central de chegada|6"
"105804371956998","105804371956998","Nicolo Barella","84","MC","Internazionale Milano Pack 25-26","Meia de lado por fora","6","Sem Bola +1","linha_9998","comprada:MLE","v6","2026-08-15 16:43:24.799797+00","vaga livre — A COLETAR","105804371956998|Meia de lado por fora|6"
"105804371956998","105804371956998","Nicolo Barella","84","MC","Internazionale Milano Pack 25-26","Meia ofensivo armador","6","Técnica +1","linha_4297","comprada:MO","v6","2026-08-17 14:45:36.162288+00","vaga livre — A COLETAR","105804371956998|Meia ofensivo armador|6"
"105804371956998","105804371956998","Nicolo Barella","84","MC","Internazionale Milano Pack 25-26","Volante de construção","6","Reconstrução +1","linha_10002","comprada:VOL","v6","2026-08-15 16:45:31.603679+00","vaga livre — A COLETAR","105804371956998|Volante de construção|6"
"105804640349696","105804640349696","Julian Brandt","82","MO","Borussia Dortmund Pack 25-26","Meia central armador","6","Cruzamento +1","linha_12135","comprada:MC","v6","2026-08-17 14:48:01.372388+00","vaga livre — A COLETAR","105804640349696|Meia central armador|6"
"105804640349696","105804640349696","Julian Brandt","82","MO","Borussia Dortmund Pack 25-26","Meia de lado por dentro","6","Agilidade +1","linha_11107","comprada:MLE","v6","2026-08-15 22:39:28.681225+00","vaga livre — A COLETAR","105804640349696|Meia de lado por dentro|6"
"105804640349696","105804640349696","Julian Brandt","82","MO","Borussia Dortmund Pack 25-26","Meia ofensivo armador","6","Criador de Jogadas +1","linha_3857","nativa","v6","2026-08-17 14:44:23.128556+00","vaga livre — A COLETAR","105804640349696|Meia ofensivo armador|6"
"105804640349696","105804640349696","Julian Brandt","82","MO","Borussia Dortmund Pack 25-26","Ponta criadora","6","Agilidade +1","linha_3858","comprada:PD","v6","2026-08-17 14:44:23.282725+00","vaga livre — A COLETAR","105804640349696|Ponta criadora|6"
"105804640349696","105804640349696","Julian Brandt","82","MO","Borussia Dortmund Pack 25-26","Segundo atacante","6","Instinto Artilheiro +1","linha_11118","nativa","v6","2026-08-15 22:39:43.898034+00","vaga livre — A COLETAR","105804640349696|Segundo atacante|6"
"105804640430829","105804640430829","Gregor Kobel","84","GK","Borussia Dortmund Pack 25-26","Goleiro defensivo","6","Qualidade Goleiro +1","linha_4298","nativa","v6","2026-08-17 14:45:36.330499+00","vaga livre — A COLETAR","105804640430829|Goleiro defensivo|6"
"105804640430829","105804640430829","Gregor Kobel","84","GK","Borussia Dortmund Pack 25-26","Goleiro ofensivo","6","Qualidade Goleiro +1","linha_4299","nativa","v6","2026-08-17 14:45:36.502772+00","vaga livre — A COLETAR","105804640430829|Goleiro ofensivo|6"
"105804640433206","105804640433206","Karim Adeyemi","83","MO","Borussia Dortmund Pack 25-26","Centroavante móvel","6","Instinto Artilheiro +1","linha_10690","comprada:CA","v6","2026-08-15 20:12:03.278555+00","vaga livre — A COLETAR","105804640433206|Centroavante móvel|6"
"105804640433206","105804640433206","Karim Adeyemi","83","MO","Borussia Dortmund Pack 25-26","Meia central de chegada","6","Técnica +1","linha_4511","comprada:MC","v6","2026-08-17 14:46:11.981848+00","vaga livre — A COLETAR","105804640433206|Meia central de chegada|6"
"105804640433206","105804640433206","Karim Adeyemi","83","MO","Borussia Dortmund Pack 25-26","Meia de lado por dentro","6","Agilidade +1","linha_10693","comprada:MLE","v6","2026-08-15 20:14:09.83371+00","vaga livre — A COLETAR","105804640433206|Meia de lado por dentro|6"
"105804640433206","105804640433206","Karim Adeyemi","83","MO","Borussia Dortmund Pack 25-26","Meia ofensivo armador","6","Criador de Jogadas +1","linha_4512","nativa","v6","2026-08-17 14:46:12.164467+00","vaga livre — A COLETAR","105804640433206|Meia ofensivo armador|6"
"105804640433206","105804640433206","Karim Adeyemi","83","MO","Borussia Dortmund Pack 25-26","Ponta finalizadora","6","Agilidade +1","linha_4513","comprada:PD","v6","2026-08-17 14:46:12.336587+00","vaga livre — A COLETAR","105804640433206|Ponta finalizadora|6"
"105804640433206","105804640433206","Karim Adeyemi","83","MO","Borussia Dortmund Pack 25-26","Segundo atacante","6","Técnica +1","linha_10694","nativa","v6","2026-08-15 20:14:10.000564+00","vaga livre — A COLETAR","105804640433206|Segundo atacante|6"
"105804908784736","105804908784736","Bruno Fernandes","83","MC","Manchester United Pack 25-26","Meia central armador","6","Técnica +1","linha_4514","nativa","v6","2026-08-17 14:46:12.50808+00","vaga livre — A COLETAR","105804908784736|Meia central armador|6"
"105804908784736","105804908784736","Bruno Fernandes","83","MC","Manchester United Pack 25-26","Meia central de chegada","6","Técnica +1","linha_4517","nativa","v6","2026-08-17 14:46:13.02003+00","vaga livre — A COLETAR","105804908784736|Meia central de chegada|6"
"105804908784736","105804908784736","Bruno Fernandes","83","MC","Manchester United Pack 25-26","Meia de lado por fora","6","Cruzamento +1","linha_10698","comprada:MLE","v6","2026-08-15 20:17:44.78702+00","vaga livre — A COLETAR","105804908784736|Meia de lado por fora|6"
"105804908784736","105804908784736","Bruno Fernandes","83","MC","Manchester United Pack 25-26","Meia ofensivo armador","6","Passe +1","linha_4515","comprada:SA","v6","2026-08-17 14:46:12.669908+00","vaga livre — A COLETAR","105804908784736|Meia ofensivo armador|6"
"105804908784736","105804908784736","Bruno Fernandes","83","MC","Manchester United Pack 25-26","Ponta finalizadora","6","Condução Técnica +1","linha_4516","comprada:PD","v6","2026-08-17 14:46:12.826315+00","vaga livre — A COLETAR","105804908784736|Ponta finalizadora|6"
"105804908784736","105804908784736","Bruno Fernandes","83","MC","Manchester United Pack 25-26","Volante de construção","6","Reconstrução +1","linha_10699","comprada:VOL","v6","2026-08-15 20:17:44.78702+00","vaga livre — A COLETAR","105804908784736|Volante de construção|6"
"105804908838329","105804908838329","Matthijs de Ligt","83","ZC","Manchester United Pack 25-26","Zagueiro de combate","6","Duelo (Divididas) +1","linha_4518","nativa","v6","2026-08-17 14:46:13.180547+00","vaga livre — A COLETAR","105804908838329|Zagueiro de combate|6"
"105804908838329","105804908838329","Matthijs de Ligt","83","ZC","Manchester United Pack 25-26","Zagueiro de saída","6","Duelo (Divididas) +1","linha_4519","nativa","v6","2026-08-17 14:46:13.340069+00","vaga livre — A COLETAR","105804908838329|Zagueiro de saída|6"
"105804908843755","105804908843755","Matheus Cunha","83","MO","Manchester United Pack 25-26","Centroavante móvel","6","Instinto Artilheiro +1","linha_10695","comprada:CA","v6","2026-08-15 20:14:10.16782+00","vaga livre — A COLETAR","105804908843755|Centroavante móvel|6"
"105804908843755","105804908843755","Matheus Cunha","83","MO","Manchester United Pack 25-26","Meia central armador","6","Técnica +1","linha_4520","comprada:MC","v6","2026-08-17 14:46:13.531765+00","vaga livre — A COLETAR","105804908843755|Meia central armador|6"
"105804908843755","105804908843755","Matheus Cunha","83","MO","Manchester United Pack 25-26","Meia de lado por dentro","6","Agilidade +1","linha_10696","comprada:MLE","v6","2026-08-15 20:14:10.339468+00","vaga livre — A COLETAR","105804908843755|Meia de lado por dentro|6"
"105804908843755","105804908843755","Matheus Cunha","83","MO","Manchester United Pack 25-26","Meia ofensivo armador","6","Passe +1","linha_4521","nativa","v6","2026-08-17 14:46:13.693837+00","vaga livre — A COLETAR","105804908843755|Meia ofensivo armador|6"
"105804908843755","105804908843755","Matheus Cunha","83","MO","Manchester United Pack 25-26","Ponta criadora","6","Agilidade +1","linha_4522","comprada:PD","v6","2026-08-17 14:46:13.868465+00","vaga livre — A COLETAR","105804908843755|Ponta criadora|6"
"105804908843755","105804908843755","Matheus Cunha","83","MO","Manchester United Pack 25-26","Segundo atacante","6","Técnica +1","linha_10697","nativa","v6","2026-08-15 20:14:15.88069+00","vaga livre — A COLETAR","105804908843755|Segundo atacante|6"
"105804908846557","105804908846557","Bryan Mbeumo","84","MO","Manchester United Pack 25-26","Centroavante móvel","6","Instinto Artilheiro +1","linha_10000","comprada:CA","v6","2026-08-15 16:43:25.177533+00","vaga livre — A COLETAR","105804908846557|Centroavante móvel|6"
"105804908846557","105804908846557","Bryan Mbeumo","84","MO","Manchester United Pack 25-26","Meia central de chegada","6","Técnica +1","linha_4300","comprada:MC","v6","2026-08-17 14:45:36.662931+00","vaga livre — A COLETAR","105804908846557|Meia central de chegada|6"
"105804908846557","105804908846557","Bryan Mbeumo","84","MO","Manchester United Pack 25-26","Meia de lado por dentro","6","Agilidade +1","linha_10003","comprada:MLE","v6","2026-08-15 16:45:31.790716+00","vaga livre — A COLETAR","105804908846557|Meia de lado por dentro|6"
"105804908846557","105804908846557","Bryan Mbeumo","84","MO","Manchester United Pack 25-26","Meia ofensivo armador","6","Criador de Jogadas +1","linha_4301","nativa","v6","2026-08-17 14:45:36.819213+00","vaga livre — A COLETAR","105804908846557|Meia ofensivo armador|6"
"105804908846557","105804908846557","Bryan Mbeumo","84","MO","Manchester United Pack 25-26","Ponta finalizadora","6","Agilidade +1","linha_4302","comprada:PD","v6","2026-08-17 14:45:36.981132+00","vaga livre — A COLETAR","105804908846557|Ponta finalizadora|6"
"105804908846557","105804908846557","Bryan Mbeumo","84","MO","Manchester United Pack 25-26","Segundo atacante","6","Técnica +1","linha_10001","nativa","v6","2026-08-15 16:45:31.387169+00","vaga livre — A COLETAR","105804908846557|Segundo atacante|6"
"105804908857901","105804908857901","Amad Diallo","82","MLD","Manchester United Pack 25-26","Centroavante móvel","6","Sem Bola +1","linha_11279","comprada:CA","v6","2026-08-15 23:07:58.246305+00","vaga livre — A COLETAR","105804908857901|Centroavante móvel|6"
"105804908857901","105804908857901","Amad Diallo","82","MLD","Manchester United Pack 25-26","Meia de lado por dentro","6","Técnica +1","linha_11281","nativa","v6","2026-08-15 23:10:04.573142+00","vaga livre — A COLETAR","105804908857901|Meia de lado por dentro|6"
"105804908857901","105804908857901","Amad Diallo","82","MLD","Manchester United Pack 25-26","Meia de lado por fora","6","Técnica +1","linha_11313","nativa","v6","2026-08-15 23:14:33.120721+00","vaga livre — A COLETAR","105804908857901|Meia de lado por fora|6"
"105804908857901","105804908857901","Amad Diallo","82","MLD","Manchester United Pack 25-26","Ponta finalizadora","6","Sem Bola +1","linha_4682","comprada:PD","v6","2026-08-17 14:46:40.420691+00","vaga livre — A COLETAR","105804908857901|Ponta finalizadora|6"
"105804908857901","105804908857901","Amad Diallo","82","MLD","Manchester United Pack 25-26","Segundo atacante","6","Técnica +1","linha_11283","comprada:MO","v6","2026-08-15 23:12:10.949655+00","vaga livre — A COLETAR","105804908857901|Segundo atacante|6"
"105804908868664","105804908868664","Benjamin Sesko","83","CA","Manchester United Pack 25-26","Centroavante fixo","6","Instinto Artilheiro +1","linha_10495","nativa","v6","2026-08-07 04:42:28.531668+00","vaga livre — A COLETAR","105804908868664|Centroavante fixo|6"
"105804908868664","105804908868664","Benjamin Sesko","83","CA","Manchester United Pack 25-26","Centroavante móvel","6","Instinto Artilheiro +1","linha_10496","nativa","v6","2026-08-07 04:42:30.519824+00","vaga livre — A COLETAR","105804908868664|Centroavante móvel|6"
"105804908868664","105804908868664","Benjamin Sesko","83","CA","Manchester United Pack 25-26","Falso nove","6","Instinto Artilheiro +1","linha_10500","nativa","v6","2026-08-15 19:38:21.364185+00","vaga livre — A COLETAR","105804908868664|Falso nove|6"
"105804908868664","105804908868664","Benjamin Sesko","83","CA","Manchester United Pack 25-26","Ponta finalizadora","6","Sem Bola +1","linha_3838","comprada:PD","v6","2026-08-17 14:44:19.94886+00","vaga livre — A COLETAR","105804908868664|Ponta finalizadora|6"
"105805714139254","105805714139254","Frenkie de Jong","83","VOL","FC Barcelona Pack 25-26","Meia central armador","6","Criador de Jogadas +1","linha_2485","comprada:MC","v6","2026-08-11 05:26:54.805614+00","vaga livre — A COLETAR","105805714139254|Meia central armador|6"
"105805714139254","105805714139254","Frenkie de Jong","83","VOL","FC Barcelona Pack 25-26","Meia ofensivo armador","6","Técnica +1","linha_1002","comprada:MO","v6","2026-08-17 14:43:16.241994+00","vaga livre — A COLETAR","105805714139254|Meia ofensivo armador|6"
"105805714139254","105805714139254","Frenkie de Jong","83","VOL","FC Barcelona Pack 25-26","Volante de construção","6","Precisão +1","linha_10700","nativa","v6","2026-08-11 05:31:07.002517+00","vaga livre — A COLETAR","105805714139254|Volante de construção|6"
"105805714139254","105805714139254","Frenkie de Jong","83","VOL","FC Barcelona Pack 25-26","Volante de contenção","6","Duelo (Divididas) +1","linha_10729","nativa","v6","2026-08-11 05:29:00.688121+00","vaga livre — A COLETAR","105805714139254|Volante de contenção|6"
"105805714139254","105805714139254","Frenkie de Jong","83","VOL","FC Barcelona Pack 25-26","Zagueiro de saída","6","Duelo +1","linha_2487","comprada:ZC","v6","2026-08-11 05:29:00.912714+00","vaga livre — A COLETAR","105805714139254|Zagueiro de saída|6"
"105805714141236","105805714141236","Raphinha","84","MLE","FC Barcelona Pack 25-26","Centroavante móvel","6","Instinto Artilheiro +1","linha_10004","comprada:CA","v6","2026-08-15 16:45:31.955425+00","vaga livre — A COLETAR","105805714141236|Centroavante móvel|6"
"105805714141236","105805714141236","Raphinha","84","MLE","FC Barcelona Pack 25-26","Meia de lado por dentro","6","Condução Técnica +1","linha_10005","nativa","v6","2026-08-15 16:45:32.120147+00","vaga livre — A COLETAR","105805714141236|Meia de lado por dentro|6"
"105805714141236","105805714141236","Raphinha","84","MLE","FC Barcelona Pack 25-26","Meia de lado por fora","6","Técnica +1","linha_10009","nativa","v6","2026-08-15 16:47:10.836468+00","vaga livre — A COLETAR","105805714141236|Meia de lado por fora|6"
"105805714141236","105805714141236","Raphinha","84","MLE","FC Barcelona Pack 25-26","Ponta finalizadora","6","Condução Técnica +1","linha_718","comprada:PE","v6","2026-08-17 14:43:08.199115+00","vaga livre — A COLETAR","105805714141236|Ponta finalizadora|6"
"105805714141236","105805714141236","Raphinha","84","MLE","FC Barcelona Pack 25-26","Segundo atacante","6","Técnica +1","linha_10008","comprada:MO","v6","2026-08-15 16:47:10.836468+00","vaga livre — A COLETAR","105805714141236|Segundo atacante|6"
"105805714141376","105805714141376","Jules Kounde","84","LD","FC Barcelona Pack 25-26","Lateral defensivo","6","Defesa (Roubo) +1","linha_10006","nativa","v6","2026-08-10 23:20:57.006329+00","vaga livre — A COLETAR","105805714141376|Lateral defensivo|6"
"105805714141376","105805714141376","Jules Kounde","84","LD","FC Barcelona Pack 25-26","Lateral ofensivo","6","Agilidade +1","linha_10007","nativa","v6","2026-08-10 23:23:03.154123+00","vaga livre — A COLETAR","105805714141376|Lateral ofensivo|6"
"105805714141376","105805714141376","Jules Kounde","84","LD","FC Barcelona Pack 25-26","Meia de lado por dentro","6","Agilidade +1","linha_10017","comprada:MLD","v6","2026-08-15 16:47:40.111622+00","vaga livre — A COLETAR","105805714141376|Meia de lado por dentro|6"
"105805714141376","105805714141376","Jules Kounde","84","LD","FC Barcelona Pack 25-26","Zagueiro de saída","6","Defesa (Roubo) +1","linha_2392","comprada:ZC","v6","2026-08-10 23:23:03.364068+00","vaga livre — A COLETAR","105805714141376|Zagueiro de saída|6"
"105805714141494","105805714141494","Dani Olmo","83","MO","FC Barcelona Pack 25-26","Centroavante móvel","6","Sem Bola +1","linha_11031","comprada:CA","v6","2026-08-11 02:18:15.890488+00","vaga livre — A COLETAR","105805714141494|Centroavante móvel|6"
"105805714141494","105805714141494","Dani Olmo","83","MO","FC Barcelona Pack 25-26","Meia central armador","6","Passe +1","linha_11033","comprada:MC","v6","2026-08-11 02:26:23.325239+00","vaga livre — A COLETAR","105805714141494|Meia central armador|6"
"105805714141494","105805714141494","Dani Olmo","83","MO","FC Barcelona Pack 25-26","Meia de lado por dentro","6","Agilidade +1","linha_11035","comprada:MLE","v6","2026-08-11 02:48:38.973396+00","vaga livre — A COLETAR","105805714141494|Meia de lado por dentro|6"
"105805714141494","105805714141494","Dani Olmo","83","MO","FC Barcelona Pack 25-26","Meia ofensivo armador","6","Passe +1","linha_11034","nativa","v6","2026-08-11 02:54:57.622297+00","vaga livre — A COLETAR","105805714141494|Meia ofensivo armador|6"
"105805714141494","105805714141494","Dani Olmo","83","MO","FC Barcelona Pack 25-26","Ponta criadora","6","Agilidade +1","linha_11036","comprada:PD","v6","2026-08-15 22:30:47.568533+00","vaga livre — A COLETAR","105805714141494|Ponta criadora|6"
"105805714141494","105805714141494","Dani Olmo","83","MO","FC Barcelona Pack 25-26","Segundo atacante","6","Agilidade +1","linha_11094","nativa","v6","2026-08-11 03:23:14.691611+00","vaga livre — A COLETAR","105805714141494|Segundo atacante|6"
"105805714163749","105805714163749","Pedri","85","MC","FC Barcelona Pack 25-26","Meia central armador","6","Passe +1","linha_9744","nativa","v6","2026-08-15 16:00:03.629779+00","vaga livre — A COLETAR","105805714163749|Meia central armador|6"
"105805714163749","105805714163749","Pedri","85","MC","FC Barcelona Pack 25-26","Meia central de chegada","6","Agilidade +1","linha_9758","nativa","v6","2026-08-10 23:23:03.57292+00","vaga livre — A COLETAR","105805714163749|Meia central de chegada|6"
"105805714163749","105805714163749","Pedri","85","MC","FC Barcelona Pack 25-26","Meia de lado por dentro","6","Sem Bola +1",,"basica:MLE","v6","2026-08-19 02:48:01.009556+00","vaga livre — A COLETAR","105805714163749|Meia de lado por dentro|6"
"105805714163749","105805714163749","Pedri","85","MC","FC Barcelona Pack 25-26","Meia de lado por fora","6","Sem Bola +1","linha_9749","comprada:MLE","v6","2026-08-15 16:04:13.222823+00","vaga livre — A COLETAR","105805714163749|Meia de lado por fora|6"
"105805714163749","105805714163749","Pedri","85","MC","FC Barcelona Pack 25-26","Meia ofensivo armador","6","Passe +1","linha_9747","comprada:MO","v6","2026-08-15 16:02:13.371854+00","vaga livre — A COLETAR","105805714163749|Meia ofensivo armador|6"
"105805714163749","105805714163749","Pedri","85","MC","FC Barcelona Pack 25-26","Ponta criadora","6","Arrancada +1",,"basica:PE","v6","2026-08-19 02:48:24.570616+00","vaga livre — A COLETAR","105805714163749|Ponta criadora|6"
"105805714163749","105805714163749","Pedri","85","MC","FC Barcelona Pack 25-26","Ponta finalizadora","6","Sem Bola +1","linha_9748","comprada:PE","v6","2026-08-15 16:02:13.652607+00","vaga livre — A COLETAR","105805714163749|Ponta finalizadora|6"
"105805714163749","105805714163749","Pedri","85","MC","FC Barcelona Pack 25-26","Segundo atacante","6","Instinto Artilheiro +1",,"basica:MO","v6","2026-08-19 02:49:09.378264+00","vaga livre — A COLETAR","105805714163749|Segundo atacante|6"
"105805714163749","105805714163749","Pedri","85","MC","FC Barcelona Pack 25-26","Volante de construção","6","Precisão +1","linha_9798","comprada:VOL","v6","2026-08-11 02:34:30.880896+00","vaga livre — A COLETAR","105805714163749|Volante de construção|6"
"105805714163749","105805714163749","Pedri","85","MC","FC Barcelona Pack 25-26","Volante de contenção","6","Duelo +1",,"basica:VOL","v6","2026-08-19 02:49:06.544081+00","vaga livre — A COLETAR","105805714163749|Volante de contenção|6"
"105805714171630","105805714171630","Joan Garcia","83","GK","FC Barcelona Pack 25-26","Goleiro defensivo","6","Qualidade Goleiro +1","linha_4523","nativa","v6","2026-08-17 14:46:14.02243+00","vaga livre — A COLETAR","105805714171630|Goleiro defensivo|6"
"105805714171630","105805714171630","Joan Garcia","83","GK","FC Barcelona Pack 25-26","Goleiro ofensivo","6","Qualidade Goleiro +1","linha_4524","nativa","v6","2026-08-17 14:46:14.187185+00","vaga livre — A COLETAR","105805714171630|Goleiro ofensivo|6"
"105805714192706","105805714192706","Lamine Yamal","85","MLD","FC Barcelona Pack 25-26","Centroavante fixo","6","Criador de Jogadas +1",,"basica:CA","v6","2026-08-19 02:49:10.158914+00","vaga livre — A COLETAR","105805714192706|Centroavante fixo|6"
"105805714192706","105805714192706","Lamine Yamal","85","MLD","FC Barcelona Pack 25-26","Centroavante móvel","6","Instinto Artilheiro +1","linha_9268","comprada:CA","v6","2026-08-15 13:06:36.676913+00","vaga livre — A COLETAR","105805714192706|Centroavante móvel|6"
"105805714192706","105805714192706","Lamine Yamal","85","MLD","FC Barcelona Pack 25-26","Falso nove","6","Criador de Jogadas +1",,"basica:CA","v6","2026-08-19 02:50:01.5432+00","vaga livre — A COLETAR","105805714192706|Falso nove|6"
"105805714192706","105805714192706","Lamine Yamal","85","MLD","FC Barcelona Pack 25-26","Meia de lado por dentro","6","Instinto Artilheiro +1","linha_9280","nativa","v6","2026-08-10 23:12:42.577257+00","vaga livre — A COLETAR","105805714192706|Meia de lado por dentro|6"
"105805714192706","105805714192706","Lamine Yamal","85","MLD","FC Barcelona Pack 25-26","Meia de lado por fora","6","Cruzamento +1","linha_9276","nativa","v6","2026-08-10 23:16:49.337929+00","vaga livre — A COLETAR","105805714192706|Meia de lado por fora|6"
"105805714192706","105805714192706","Lamine Yamal","85","MLD","FC Barcelona Pack 25-26","Ponta criadora","6","Instinto Artilheiro +1","linha_2387","comprada:PD","v6","2026-08-10 23:20:56.15053+00","vaga livre — A COLETAR","105805714192706|Ponta criadora|6"
"105805714192706","105805714192706","Lamine Yamal","85","MLD","FC Barcelona Pack 25-26","Ponta finalizadora","6","Agilidade +1",,"basica:PE","v6","2026-08-19 02:49:49.006083+00","vaga livre — A COLETAR","105805714192706|Ponta finalizadora|6"
"105805714196288","105805714196288","Pau Cubarsi","82","ZC","FC Barcelona Pack 25-26","Zagueiro de combate","6","Duelo +1","linha_11478","nativa","v6","2026-08-16 00:24:52.331564+00","vaga livre — A COLETAR","105805714196288|Zagueiro de combate|6"
"105805714196288","105805714196288","Pau Cubarsi","82","ZC","FC Barcelona Pack 25-26","Zagueiro de saída","6","Duelo +1","linha_11479","nativa","v6","2026-08-16 00:24:52.562976+00","vaga livre — A COLETAR","105805714196288|Zagueiro de saída|6"
"105817525313194","105817525313194","Hidemasa Morita","82","VOL","Japanese Stars 6 Apr '26","Meia central de chegada","6","Técnica +1","linha_11487","comprada:MC","v6","2026-08-11 11:30:46.664925+00","vaga livre — A COLETAR","105817525313194|Meia central de chegada|6"
"105817525313194","105817525313194","Hidemasa Morita","82","VOL","Japanese Stars 6 Apr '26","Volante de construção","6","Precisão +1","linha_11485","nativa","v6","2026-08-11 11:51:30.916577+00","vaga livre — A COLETAR","105817525313194|Volante de construção|6"
"105817525313194","105817525313194","Hidemasa Morita","82","VOL","Japanese Stars 6 Apr '26","Volante de contenção","6","Duelo (Divididas) +1","linha_11483","nativa","v6","2026-08-11 11:30:46.386014+00","vaga livre — A COLETAR","105817525313194|Volante de contenção|6"
"105848932199520","105848932199520","Bruno Fernandes","83","MO","National Team Pack Portugal 2026","Meia central armador","6","Técnica +1","linha_4525","comprada:MC","v6","2026-08-17 14:46:14.340685+00","vaga livre — A COLETAR","105848932199520|Meia central armador|6"
"105848932199520","105848932199520","Bruno Fernandes","83","MO","National Team Pack Portugal 2026","Meia de lado por dentro","6","Condução Técnica +1","linha_10734","comprada:MLE","v6","2026-08-15 20:20:39.831476+00","vaga livre — A COLETAR","105848932199520|Meia de lado por dentro|6"
"105848932199520","105848932199520","Bruno Fernandes","83","MO","National Team Pack Portugal 2026","Meia ofensivo armador","6","Técnica +1","linha_4526","nativa","v6","2026-08-17 14:46:14.504336+00","vaga livre — A COLETAR","105848932199520|Meia ofensivo armador|6"
"105848932199520","105848932199520","Bruno Fernandes","83","MO","National Team Pack Portugal 2026","Ponta criadora","6","Condução Técnica +1","linha_4527","comprada:PD","v6","2026-08-17 14:46:14.662115+00","vaga livre — A COLETAR","105848932199520|Ponta criadora|6"
"105848932199520","105848932199520","Bruno Fernandes","83","MO","National Team Pack Portugal 2026","Segundo atacante","6","Técnica +1","linha_10736","nativa","v6","2026-08-15 20:20:40.157819+00","vaga livre — A COLETAR","105848932199520|Segundo atacante|6"
"105848932274075","105848932274075","Vitinha","85","MC","National Team Pack Portugal 2026","Meia central armador","6","Criador de Jogadas +1","linha_2470","nativa","v6","2026-08-11 05:08:11.223432+00","vaga livre — A COLETAR","105848932274075|Meia central armador|6"
"105848932274075","105848932274075","Vitinha","85","MC","National Team Pack Portugal 2026","Meia central de chegada","6","Técnica +1","linha_2475","nativa","v6","2026-08-11 05:14:30.153053+00","vaga livre — A COLETAR","105848932274075|Meia central de chegada|6"
"105848932274075","105848932274075","Vitinha","85","MC","National Team Pack Portugal 2026","Meia de lado por dentro","6","Condução Técnica +1","linha_9274","comprada:MLE","v6","2026-08-15 13:06:38.012144+00","vaga livre — A COLETAR","105848932274075|Meia de lado por dentro|6"
"105848932274075","105848932274075","Vitinha","85","MC","National Team Pack Portugal 2026","Meia de lado por fora","6","Sem Bola +1",,"basica:MLE","v6","2026-08-19 02:51:08.1969+00","vaga livre — A COLETAR","105848932274075|Meia de lado por fora|6"
"105848932274075","105848932274075","Vitinha","85","MC","National Team Pack Portugal 2026","Meia ofensivo armador","6","Criador de Jogadas +1","linha_2473","comprada:MO","v6","2026-08-11 05:10:17.429966+00","vaga livre — A COLETAR","105848932274075|Meia ofensivo armador|6"
"105848932274075","105848932274075","Vitinha","85","MC","National Team Pack Portugal 2026","Segundo atacante","6","Instinto Artilheiro +1",,"basica:MO","v6","2026-08-19 02:50:38.573759+00","vaga livre — A COLETAR","105848932274075|Segundo atacante|6"
"105848932274075","105848932274075","Vitinha","85","MC","National Team Pack Portugal 2026","Volante de construção","6","Reconstrução +1","linha_9283","comprada:VOL","v6","2026-08-11 05:16:37.034799+00","vaga livre — A COLETAR","105848932274075|Volante de construção|6"
"105848932274075","105848932274075","Vitinha","85","MC","National Team Pack Portugal 2026","Volante de contenção","6","Duelo (Divididas) +1",,"basica:VOL","v6","2026-08-19 02:51:30.551078+00","vaga livre — A COLETAR","105848932274075|Volante de contenção|6"
"105848932298328","105848932298328","Joao Neves","83","MC","National Team Pack Portugal 2026","Meia central armador","6","Passe +1","linha_2465","nativa","v6","2026-08-11 05:03:57.760464+00","vaga livre — A COLETAR","105848932298328|Meia central armador|6"
"105848932298328","105848932298328","Joao Neves","83","MC","National Team Pack Portugal 2026","Meia central de chegada","6","Criador de Jogadas +1","linha_2468","nativa","v6","2026-08-11 05:06:04.368094+00","vaga livre — A COLETAR","105848932298328|Meia central de chegada|6"
"105848932298328","105848932298328","Joao Neves","83","MC","National Team Pack Portugal 2026","Meia ofensivo armador","6","Técnica +1","linha_996","comprada:MO","v6","2026-08-17 14:43:15.299852+00","vaga livre — A COLETAR","105848932298328|Meia ofensivo armador|6"
"105848932298328","105848932298328","Joao Neves","83","MC","National Team Pack Portugal 2026","Volante de construção","6","Precisão +1","linha_10739","comprada:VOL","v6","2026-08-11 05:06:03.939961+00","vaga livre — A COLETAR","105848932298328|Volante de construção|6"
"105849200685102","105849200685102","Marcus Rashford","82","CA","National Team Pack England 2026","Centroavante fixo","6","Instinto Artilheiro +1","linha_11309","nativa","v6","2026-08-15 23:12:15.442417+00","vaga livre — A COLETAR","105849200685102|Centroavante fixo|6"
"105849200685102","105849200685102","Marcus Rashford","82","CA","National Team Pack England 2026","Centroavante móvel","6","Instinto Artilheiro +1","linha_11310","nativa","v6","2026-08-15 23:12:15.621323+00","vaga livre — A COLETAR","105849200685102|Centroavante móvel|6"
"105849200685102","105849200685102","Marcus Rashford","82","CA","National Team Pack England 2026","Falso nove","6","Precisão +1","linha_11312","nativa","v6","2026-08-15 23:12:22.05688+00","vaga livre — A COLETAR","105849200685102|Falso nove|6"
"105849200685102","105849200685102","Marcus Rashford","82","CA","National Team Pack England 2026","Meia de lado por dentro","6","Agilidade +1","linha_11311","comprada:MLE","v6","2026-08-15 23:12:21.176881+00","vaga livre — A COLETAR","105849200685102|Meia de lado por dentro|6"
"105849200685102","105849200685102","Marcus Rashford","82","CA","National Team Pack England 2026","Ponta finalizadora","6","Agilidade +1","linha_4683","comprada:PD","v6","2026-08-17 14:46:40.582413+00","vaga livre — A COLETAR","105849200685102|Ponta finalizadora|6"
"105849200694299","105849200694299","Anthony Gordon","83","PE","National Team Pack England 2026","Centroavante móvel","6","Instinto Artilheiro +1","linha_10733","comprada:CA","v6","2026-08-15 20:20:39.674795+00","vaga livre — A COLETAR","105849200694299|Centroavante móvel|6"
"105849200694299","105849200694299","Anthony Gordon","83","PE","National Team Pack England 2026","Meia de lado por dentro","6","Técnica +1","linha_10737","comprada:MLE","v6","2026-08-15 20:22:46.341713+00","vaga livre — A COLETAR","105849200694299|Meia de lado por dentro|6"
"105849200694299","105849200694299","Anthony Gordon","83","PE","National Team Pack England 2026","Meia ofensivo armador","6","Passe +1","linha_4528","comprada:SA","v6","2026-08-17 14:46:14.817687+00","vaga livre — A COLETAR","105849200694299|Meia ofensivo armador|6"
"105849200694299","105849200694299","Anthony Gordon","83","PE","National Team Pack England 2026","Ponta criadora","6","Condução Técnica +1","linha_4534","nativa","v6","2026-08-17 14:46:15.786122+00","vaga livre — A COLETAR","105849200694299|Ponta criadora|6"
"105849200694299","105849200694299","Anthony Gordon","83","PE","National Team Pack England 2026","Ponta finalizadora","6","Agilidade +1","linha_4533","nativa","v6","2026-08-17 14:46:15.648451+00","vaga livre — A COLETAR","105849200694299|Ponta finalizadora|6"
"105849200705750","105849200705750","Marc Guehi","83","ZC","National Team Pack England 2026","Zagueiro de combate","6","Defesa (Roubo) +1","linha_4529","nativa","v6","2026-08-17 14:46:14.986273+00","vaga livre — A COLETAR","105849200705750|Zagueiro de combate|6"
"105849200705750","105849200705750","Marc Guehi","83","ZC","National Team Pack England 2026","Zagueiro de saída","6","Bloqueio Aéreo +1","linha_4530","nativa","v6","2026-08-17 14:46:15.144538+00","vaga livre — A COLETAR","105849200705750|Zagueiro de saída|6"
"105849200707397","105849200707397","Jude Bellingham","85","MC","National Team Pack England 2026","Centroavante fixo","6","Disputa Aérea +1",,"basica:CA","v6","2026-08-19 02:51:08.791192+00","vaga livre — A COLETAR","105849200707397|Centroavante fixo|6"
"105849200707397","105849200707397","Jude Bellingham","85","MC","National Team Pack England 2026","Centroavante móvel","6","Instinto Artilheiro +1","linha_9275","comprada:CA","v6","2026-08-15 13:06:38.252209+00","vaga livre — A COLETAR","105849200707397|Centroavante móvel|6"
"105849200707397","105849200707397","Jude Bellingham","85","MC","National Team Pack England 2026","Falso nove","6","Instinto Artilheiro +1",,"basica:CA","v6","2026-08-19 02:52:01.801487+00","vaga livre — A COLETAR","105849200707397|Falso nove|6"
"105849200707397","105849200707397","Jude Bellingham","85","MC","National Team Pack England 2026","Meia central armador","6","Passe +1","linha_4108","nativa","v6","2026-08-17 14:45:04.937755+00","vaga livre — A COLETAR","105849200707397|Meia central armador|6"
"105849200707397","105849200707397","Jude Bellingham","85","MC","National Team Pack England 2026","Meia central de chegada","6","Técnica +1","linha_4110","nativa","v6","2026-08-17 14:45:05.266928+00","vaga livre — A COLETAR","105849200707397|Meia central de chegada|6"
"105849200707397","105849200707397","Jude Bellingham","85","MC","National Team Pack England 2026","Meia de lado por dentro","6","Agilidade +1",,"basica:MLE","v6","2026-08-19 02:51:43.27664+00","vaga livre — A COLETAR","105849200707397|Meia de lado por dentro|6"
"105849200707397","105849200707397","Jude Bellingham","85","MC","National Team Pack England 2026","Meia de lado por fora","6","Condução Técnica +1","linha_9277","comprada:MLE","v6","2026-08-15 13:06:38.743024+00","vaga livre — A COLETAR","105849200707397|Meia de lado por fora|6"
"105849200707397","105849200707397","Jude Bellingham","85","MC","National Team Pack England 2026","Meia ofensivo armador","6","Técnica +1","linha_4109","comprada:SA","v6","2026-08-17 14:45:05.099784+00","vaga livre — A COLETAR","105849200707397|Meia ofensivo armador|6"
"105849200707397","105849200707397","Jude Bellingham","85","MC","National Team Pack England 2026","Segundo atacante","6","Instinto Artilheiro +1",,"basica:MO","v6","2026-08-19 02:52:00.480822+00","vaga livre — A COLETAR","105849200707397|Segundo atacante|6"
"105849200707397","105849200707397","Jude Bellingham","85","MC","National Team Pack England 2026","Volante de construção","6","Precisão +1","linha_9295","comprada:VOL","v6","2026-08-15 13:06:42.6698+00","vaga livre — A COLETAR","105849200707397|Volante de construção|6"
"105849200707397","105849200707397","Jude Bellingham","85","MC","National Team Pack England 2026","Volante de contenção","6","Duelo (Divididas) +1",,"basica:VOL","v6","2026-08-19 02:52:44.097555+00","vaga livre — A COLETAR","105849200707397|Volante de contenção|6"
"105849469111254","105849469111254","N Golo Kante","82","VOL","National Team Pack France 2026","Meia central de chegada","6","Técnica +1","linha_4684","comprada:MC","v6","2026-08-17 14:46:40.751392+00","vaga livre — A COLETAR","105849469111254|Meia central de chegada|6"
"105849469111254","105849469111254","N Golo Kante","82","VOL","National Team Pack France 2026","Volante de construção","6","Precisão +1","linha_11314","nativa","v6","2026-08-15 23:14:33.335972+00","vaga livre — A COLETAR","105849469111254|Volante de construção|6"
"105849469111254","105849469111254","N Golo Kante","82","VOL","National Team Pack France 2026","Volante de contenção","6","Duelo (Divididas) +1","linha_11316","nativa","v6","2026-08-15 23:14:33.68585+00","vaga livre — A COLETAR","105849469111254|Volante de contenção|6"
"105849469120546","105849469120546","Ousmane Dembele","84","CA","National Team Pack France 2026","Centroavante fixo","6","Força +1","linha_9797","nativa","v6","2026-08-07 04:42:28.531668+00","vaga livre — A COLETAR","105849469120546|Centroavante fixo|6"
"105849469120546","105849469120546","Ousmane Dembele","84","CA","National Team Pack France 2026","Centroavante móvel","6","Instinto Artilheiro +1","linha_9799","nativa","v6","2026-08-07 04:42:30.519824+00","vaga livre — A COLETAR","105849469120546|Centroavante móvel|6"
"105849469120546","105849469120546","Ousmane Dembele","84","CA","National Team Pack France 2026","Falso nove","6","Instinto Artilheiro +1","linha_9809","nativa","v6","2026-08-15 16:10:06.980091+00","vaga livre — A COLETAR","105849469120546|Falso nove|6"
"105849469120546","105849469120546","Ousmane Dembele","84","CA","National Team Pack France 2026","Meia de lado por dentro","6","Agilidade +1","linha_9804","comprada:MLE","v6","2026-08-15 16:07:58.011827+00","vaga livre — A COLETAR","105849469120546|Meia de lado por dentro|6"
"105849469120546","105849469120546","Ousmane Dembele","84","CA","National Team Pack France 2026","Meia ofensivo armador","6","Passe +1","linha_3805","comprada:MO","v6","2026-08-17 14:44:14.38657+00","vaga livre — A COLETAR","105849469120546|Meia ofensivo armador|6"
"105849469120546","105849469120546","Ousmane Dembele","84","CA","National Team Pack France 2026","Ponta finalizadora","6","Agilidade +1","linha_3806","comprada:PE","v6","2026-08-17 14:44:14.549381+00","vaga livre — A COLETAR","105849469120546|Ponta finalizadora|6"
"105849469120638","105849469120638","Kylian Mbappe","85","CA","National Team Pack France 2026","Centroavante fixo","6","Chute +1","linha_8936","nativa","v6","2026-08-07 04:42:28.531668+00","vaga livre — A COLETAR","105849469120638|Centroavante fixo|6"
"105849469120638","105849469120638","Kylian Mbappe","85","CA","National Team Pack France 2026","Centroavante móvel","6","Instinto Artilheiro +1","linha_8938","nativa","v6","2026-08-07 04:42:30.519824+00","vaga livre — A COLETAR","105849469120638|Centroavante móvel|6"
"105849469120638","105849469120638","Kylian Mbappe","85","CA","National Team Pack France 2026","Falso nove","6","Criador de Jogadas +1","linha_8951","nativa","v6","2026-08-15 13:05:25.675108+00","vaga livre — A COLETAR","105849469120638|Falso nove|6"
"105849469120638","105849469120638","Kylian Mbappe","85","CA","National Team Pack France 2026","Meia de lado por dentro","6","Condução Técnica +1","linha_8940","comprada:MLE","v6","2026-08-15 13:05:22.787028+00","vaga livre — A COLETAR","105849469120638|Meia de lado por dentro|6"
"105849469120638","105849469120638","Kylian Mbappe","85","CA","National Team Pack France 2026","Meia de lado por fora","6","Cruzamento +1",,"basica:MLE","v6","2026-08-19 02:52:17.747573+00","vaga livre — A COLETAR","105849469120638|Meia de lado por fora|6"
"105849469120638","105849469120638","Kylian Mbappe","85","CA","National Team Pack France 2026","Meia ofensivo armador","6","Técnica +1","linha_3742","comprada:MO","v6","2026-08-17 14:44:03.77323+00","vaga livre — A COLETAR","105849469120638|Meia ofensivo armador|6"
"105849469120638","105849469120638","Kylian Mbappe","85","CA","National Team Pack France 2026","Ponta criadora","6","Condução Técnica +1",,"basica:PE","v6","2026-08-19 02:52:46.461707+00","vaga livre — A COLETAR","105849469120638|Ponta criadora|6"
"105849469120638","105849469120638","Kylian Mbappe","85","CA","National Team Pack France 2026","Ponta finalizadora","6","Agilidade +1","linha_3745","comprada:PE","v6","2026-08-17 14:44:04.297454+00","vaga livre — A COLETAR","105849469120638|Ponta finalizadora|6"
"105849469120638","105849469120638","Kylian Mbappe","85","CA","National Team Pack France 2026","Segundo atacante","6","Técnica +1",,"basica:MO","v6","2026-08-19 02:53:03.842159+00","vaga livre — A COLETAR","105849469120638|Segundo atacante|6"
"105849469126575","105849469126575","Dayot Upamecano","83","ZC","National Team Pack France 2026","Volante de contenção","6","Duelo (Divididas) +1","linha_10735","comprada:VOL","v6","2026-08-15 20:20:39.997828+00","vaga livre — A COLETAR","105849469126575|Volante de contenção|6"
"105849469126575","105849469126575","Dayot Upamecano","83","ZC","National Team Pack France 2026","Zagueiro de combate","6","Duelo (Divididas) +1","linha_4531","nativa","v6","2026-08-17 14:46:15.325466+00","vaga livre — A COLETAR","105849469126575|Zagueiro de combate|6"
"105849469126575","105849469126575","Dayot Upamecano","83","ZC","National Team Pack France 2026","Zagueiro de saída","6","Bloqueio Aéreo +1","linha_4532","nativa","v6","2026-08-17 14:46:15.490172+00","vaga livre — A COLETAR","105849469126575|Zagueiro de saída|6"
"105849469129702","105849469129702","Aurelien Tchouameni","83","VOL","National Team Pack France 2026","Meia central armador","6","Técnica +1","linha_4535","comprada:MC","v6","2026-08-17 14:46:15.940347+00","vaga livre — A COLETAR","105849469129702|Meia central armador|6"
"105849469129702","105849469129702","Aurelien Tchouameni","83","VOL","National Team Pack France 2026","Meia ofensivo armador","6","Técnica +1","linha_4538","comprada:MO","v6","2026-08-17 14:46:16.423566+00","vaga livre — A COLETAR","105849469129702|Meia ofensivo armador|6"
"105849469129702","105849469129702","Aurelien Tchouameni","83","VOL","National Team Pack France 2026","Volante de construção","6","Reconstrução +1","linha_10741","nativa","v6","2026-08-15 20:22:47.034366+00","vaga livre — A COLETAR","105849469129702|Volante de construção|6"
"105849469129702","105849469129702","Aurelien Tchouameni","83","VOL","National Team Pack France 2026","Volante de contenção","6","Duelo (Divididas) +1","linha_10740","nativa","v6","2026-08-15 20:22:46.844221+00","vaga livre — A COLETAR","105849469129702|Volante de contenção|6"
"105849469129702","105849469129702","Aurelien Tchouameni","83","VOL","National Team Pack France 2026","Zagueiro de saída","6","Bloqueio Aéreo +1","linha_4536","comprada:ZC","v6","2026-08-17 14:46:16.093014+00","vaga livre — A COLETAR","105849469129702|Zagueiro de saída|6"
"105849469139289","105849469139289","Michael Olise","84","PD","National Team Pack France 2026","Meia central armador","6","Técnica +1","linha_4304","comprada:MC","v6","2026-08-17 14:45:37.404635+00","vaga livre — A COLETAR","105849469139289|Meia central armador|6"
"105849469139289","105849469139289","Michael Olise","84","PD","National Team Pack France 2026","Meia de lado por dentro","6","Agilidade +1","linha_10019","comprada:MLD","v6","2026-08-15 16:51:52.488529+00","vaga livre — A COLETAR","105849469139289|Meia de lado por dentro|6"
"105849469139289","105849469139289","Michael Olise","84","PD","National Team Pack France 2026","Meia ofensivo armador","6","Criador de Jogadas +1","linha_4305","comprada:SA","v6","2026-08-17 14:45:37.612028+00","vaga livre — A COLETAR","105849469139289|Meia ofensivo armador|6"
"105849469139289","105849469139289","Michael Olise","84","PD","National Team Pack France 2026","Ponta criadora","6","Agilidade +1","linha_4308","nativa","v6","2026-08-17 14:45:38.137335+00","vaga livre — A COLETAR","105849469139289|Ponta criadora|6"
"105849469139289","105849469139289","Michael Olise","84","PD","National Team Pack France 2026","Ponta finalizadora","6","Agilidade +1","linha_4306","nativa","v6","2026-08-17 14:45:37.794462+00","vaga livre — A COLETAR","105849469139289|Ponta finalizadora|6"
"105849469143573","105849469143573","Rayan Cherki","83","MO","National Team Pack France 2026","Centroavante móvel","6","Instinto Artilheiro +1","linha_10738","comprada:CA","v6","2026-08-15 20:22:46.515575+00","vaga livre — A COLETAR","105849469143573|Centroavante móvel|6"
"105849469143573","105849469143573","Rayan Cherki","83","MO","National Team Pack France 2026","Meia central armador","6","Cruzamento +1","linha_4537","comprada:MC","v6","2026-08-17 14:46:16.255402+00","vaga livre — A COLETAR","105849469143573|Meia central armador|6"
"105849469143573","105849469143573","Rayan Cherki","83","MO","National Team Pack France 2026","Meia de lado por dentro","6","Sem Bola +1","linha_10744","comprada:MLD","v6","2026-08-15 20:22:47.5547+00","vaga livre — A COLETAR","105849469143573|Meia de lado por dentro|6"
"105849469143573","105849469143573","Rayan Cherki","83","MO","National Team Pack France 2026","Meia ofensivo armador","6","Passe +1","linha_4539","nativa","v6","2026-08-17 14:46:16.578931+00","vaga livre — A COLETAR","105849469143573|Meia ofensivo armador|6"
"105849469143573","105849469143573","Rayan Cherki","83","MO","National Team Pack France 2026","Ponta criadora","6","Cruzamento +1","linha_4541","comprada:PD","v6","2026-08-17 14:46:16.929889+00","vaga livre — A COLETAR","105849469143573|Ponta criadora|6"
"105849469143573","105849469143573","Rayan Cherki","83","MO","National Team Pack France 2026","Segundo atacante","6","Sem Bola +1","linha_10747","nativa","v6","2026-08-15 20:24:54.479975+00","vaga livre — A COLETAR","105849469143573|Segundo atacante|6"
"105849737554381","105849737554381","Joshua Kimmich","84","LD","National Team Pack Germany 2026","Lateral defensivo","6","Duelo (Divididas) +1","linha_10020","nativa","v6","2026-08-15 16:51:52.678363+00","vaga livre — A COLETAR","105849737554381|Lateral defensivo|6"
"105849737554381","105849737554381","Joshua Kimmich","84","LD","National Team Pack Germany 2026","Lateral ofensivo","6","Agilidade +1","linha_10024","nativa","v6","2026-08-15 16:53:59.476832+00","vaga livre — A COLETAR","105849737554381|Lateral ofensivo|6"
"105849737554381","105849737554381","Joshua Kimmich","84","LD","National Team Pack Germany 2026","Meia central armador","6","Técnica +1","linha_4307","comprada:MC","v6","2026-08-17 14:45:37.964267+00","vaga livre — A COLETAR","105849737554381|Meia central armador|6"
"105849737554381","105849737554381","Joshua Kimmich","84","LD","National Team Pack Germany 2026","Meia de lado por dentro","6","Agilidade +1","linha_10022","comprada:MLD","v6","2026-08-15 16:53:59.081491+00","vaga livre — A COLETAR","105849737554381|Meia de lado por dentro|6"
"105849737554381","105849737554381","Joshua Kimmich","84","LD","National Team Pack Germany 2026","Volante de contenção","6","Duelo (Divididas) +1","linha_10025","comprada:VOL","v6","2026-08-15 16:53:59.650804+00","vaga livre — A COLETAR","105849737554381|Volante de contenção|6"
"105849737554381","105849737554381","Joshua Kimmich","84","LD","National Team Pack Germany 2026","Zagueiro de saída","6","Bloqueio Aéreo +1","linha_4309","comprada:ZC","v6","2026-08-17 14:45:38.320876+00","vaga livre — A COLETAR","105849737554381|Zagueiro de saída|6"
"105849737559882","105849737559882","Kai Havertz","83","MO","National Team Pack Germany 2026","Centroavante móvel","6","Instinto Artilheiro +1","linha_10742","comprada:CA","v6","2026-08-15 20:22:47.203502+00","vaga livre — A COLETAR","105849737559882|Centroavante móvel|6"
"105849737559882","105849737559882","Kai Havertz","83","MO","National Team Pack Germany 2026","Meia central armador","6","Cruzamento +1","linha_4540","comprada:MC","v6","2026-08-17 14:46:16.737273+00","vaga livre — A COLETAR","105849737559882|Meia central armador|6"
"105849737559882","105849737559882","Kai Havertz","83","MO","National Team Pack Germany 2026","Meia de lado por dentro","6","Condução Técnica +1","linha_10743","comprada:MLE","v6","2026-08-15 20:22:47.376322+00","vaga livre — A COLETAR","105849737559882|Meia de lado por dentro|6"
"105849737559882","105849737559882","Kai Havertz","83","MO","National Team Pack Germany 2026","Meia ofensivo armador","6","Passe +1","linha_4542","nativa","v6","2026-08-17 14:46:17.086649+00","vaga livre — A COLETAR","105849737559882|Meia ofensivo armador|6"
"105849737559882","105849737559882","Kai Havertz","83","MO","National Team Pack Germany 2026","Ponta criadora","6","Condução Técnica +1","linha_4543","comprada:PD","v6","2026-08-17 14:46:17.24655+00","vaga livre — A COLETAR","105849737559882|Ponta criadora|6"
"105849737559882","105849737559882","Kai Havertz","83","MO","National Team Pack Germany 2026","Segundo atacante","6","Técnica +1","linha_10746","nativa","v6","2026-08-15 20:22:47.89595+00","vaga livre — A COLETAR","105849737559882|Segundo atacante|6"
"105849737583300","105849737583300","Florian Wirtz","83","MO","National Team Pack Germany 2026","Centroavante móvel","6","Instinto Artilheiro +1","linha_10745","comprada:CA","v6","2026-08-15 20:22:47.734727+00","vaga livre — A COLETAR","105849737583300|Centroavante móvel|6"
"105849737583300","105849737583300","Florian Wirtz","83","MO","National Team Pack Germany 2026","Meia central de chegada","6","Agilidade +1","linha_4546","comprada:MC","v6","2026-08-17 14:46:17.7518+00","vaga livre — A COLETAR","105849737583300|Meia central de chegada|6"
"105849737583300","105849737583300","Florian Wirtz","83","MO","National Team Pack Germany 2026","Meia de lado por dentro","6","Agilidade +1","linha_10748","comprada:MLE","v6","2026-08-15 20:24:54.786619+00","vaga livre — A COLETAR","105849737583300|Meia de lado por dentro|6"
"105849737583300","105849737583300","Florian Wirtz","83","MO","National Team Pack Germany 2026","Meia ofensivo armador","6","Passe +1","linha_4545","nativa","v6","2026-08-17 14:46:17.566568+00","vaga livre — A COLETAR","105849737583300|Meia ofensivo armador|6"
"105849737583300","105849737583300","Florian Wirtz","83","MO","National Team Pack Germany 2026","Ponta finalizadora","6","Agilidade +1","linha_4544","comprada:PD","v6","2026-08-17 14:46:17.405789+00","vaga livre — A COLETAR","105849737583300|Ponta finalizadora|6"
"105849737583300","105849737583300","Florian Wirtz","83","MO","National Team Pack Germany 2026","Segundo atacante","6","Instinto Artilheiro +1","linha_10753","nativa","v6","2026-08-15 20:29:07.810985+00","vaga livre — A COLETAR","105849737583300|Segundo atacante|6"
"105850005925672","105850005925672","Virgil van Dijk","84","ZC","National Team Pack Netherlands 2026","Zagueiro de combate","6","Defesa (Roubo) +1","linha_4310","nativa","v6","2026-08-17 14:45:38.493167+00","vaga livre — A COLETAR","105850005925672|Zagueiro de combate|6"
"105850005925672","105850005925672","Virgil van Dijk","84","ZC","National Team Pack Netherlands 2026","Zagueiro de saída","6","Duelo (Divididas) +1","linha_4311","nativa","v6","2026-08-17 14:45:38.698989+00","vaga livre — A COLETAR","105850005925672|Zagueiro de saída|6"
"105850006007901","105850006007901","Ryan Gravenberch","83","MC","National Team Pack Netherlands 2026","Meia central armador","6","Passe +1","linha_4547","nativa","v6","2026-08-17 14:46:17.931868+00","vaga livre — A COLETAR","105850006007901|Meia central armador|6"
"105850006007901","105850006007901","Ryan Gravenberch","83","MC","National Team Pack Netherlands 2026","Meia central de chegada","6","Técnica +1","linha_4550","nativa","v6","2026-08-17 14:46:18.413313+00","vaga livre — A COLETAR","105850006007901|Meia central de chegada|6"
"105850006007901","105850006007901","Ryan Gravenberch","83","MC","National Team Pack Netherlands 2026","Meia ofensivo armador","6","Criador de Jogadas +1","linha_4548","comprada:MO","v6","2026-08-17 14:46:18.08958+00","vaga livre — A COLETAR","105850006007901|Meia ofensivo armador|6"
"105850006007901","105850006007901","Ryan Gravenberch","83","MC","National Team Pack Netherlands 2026","Volante de construção","6","Precisão +1","linha_10751","comprada:VOL","v6","2026-08-15 20:27:01.390128+00","vaga livre — A COLETAR","105850006007901|Volante de construção|6"
"105850274440406","105850274440406","Keito Nakamura","81","MLE","National Team Selection Japan Jun '26","Centroavante móvel","6","Instinto Artilheiro +1","linha_11703","comprada:CA","v6","2026-08-16 00:54:59.392983+00","vaga livre — A COLETAR","105850274440406|Centroavante móvel|6"
"105850274440406","105850274440406","Keito Nakamura","81","MLE","National Team Selection Japan Jun '26","Meia de lado por dentro","6","Agilidade +1","linha_11708","nativa","v6","2026-08-16 00:57:12.861414+00","vaga livre — A COLETAR","105850274440406|Meia de lado por dentro|6"
"105850274440406","105850274440406","Keito Nakamura","81","MLE","National Team Selection Japan Jun '26","Meia de lado por fora","6","Cruzamento +1","linha_11705","nativa","v6","2026-08-16 00:54:59.778545+00","vaga livre — A COLETAR","105850274440406|Meia de lado por fora|6"
"105850274440406","105850274440406","Keito Nakamura","81","MLE","National Team Selection Japan Jun '26","Ponta finalizadora","6","Agilidade +1","linha_4779","comprada:PD","v6","2026-08-17 14:46:57.295918+00","vaga livre — A COLETAR","105850274440406|Ponta finalizadora|6"
"105850274440406","105850274440406","Keito Nakamura","81","MLE","National Team Selection Japan Jun '26","Segundo atacante","6","Técnica +1","linha_11710","comprada:MO","v6","2026-08-16 00:57:13.224797+00","vaga livre — A COLETAR","105850274440406|Segundo atacante|6"
"105850274443253","105850274443253","Daichi Kamada","83","MC","National Team Selection Japan Jun '26","Centroavante móvel","6","Agilidade +1","linha_10749","comprada:CA","v6","2026-08-15 20:24:54.974192+00","vaga livre — A COLETAR","105850274443253|Centroavante móvel|6"
"105850274443253","105850274443253","Daichi Kamada","83","MC","National Team Selection Japan Jun '26","Meia central armador","6","Técnica +1","linha_4549","nativa","v6","2026-08-17 14:46:18.240516+00","vaga livre — A COLETAR","105850274443253|Meia central armador|6"
"105850274443253","105850274443253","Daichi Kamada","83","MC","National Team Selection Japan Jun '26","Meia central de chegada","6","Técnica +1","linha_4558","nativa","v6","2026-08-17 14:46:19.70482+00","vaga livre — A COLETAR","105850274443253|Meia central de chegada|6"
"105850274443253","105850274443253","Daichi Kamada","83","MC","National Team Selection Japan Jun '26","Meia de lado por fora","6","Sem Bola +1","linha_10750","comprada:MLE","v6","2026-08-15 20:27:01.197485+00","vaga livre — A COLETAR","105850274443253|Meia de lado por fora|6"
"105850274443253","105850274443253","Daichi Kamada","83","MC","National Team Selection Japan Jun '26","Meia ofensivo armador","6","Passe +1","linha_4552","comprada:SA","v6","2026-08-17 14:46:18.735314+00","vaga livre — A COLETAR","105850274443253|Meia ofensivo armador|6"
"105850274443253","105850274443253","Daichi Kamada","83","MC","National Team Selection Japan Jun '26","Ponta finalizadora","6","Agilidade +1","linha_4551","comprada:PE","v6","2026-08-17 14:46:18.574669+00","vaga livre — A COLETAR","105850274443253|Ponta finalizadora|6"
"105850274443253","105850274443253","Daichi Kamada","83","MC","National Team Selection Japan Jun '26","Volante de construção","6","Reconstrução +1","linha_10756","comprada:VOL","v6","2026-08-15 20:30:04.276277+00","vaga livre — A COLETAR","105850274443253|Volante de construção|6"
"105850542852841","105850542852841","Hakan Calhanoglu","84","MC","National Team Pack Türkiye 2026","Meia central armador","6","Física +1","linha_4312","nativa","v6","2026-08-17 14:45:38.87205+00","vaga livre — A COLETAR","105850542852841|Meia central armador|6"
"105850542852841","105850542852841","Hakan Calhanoglu","84","MC","National Team Pack Türkiye 2026","Meia central de chegada","6","Agilidade +1","linha_4315","nativa","v6","2026-08-17 14:45:39.413368+00","vaga livre — A COLETAR","105850542852841|Meia central de chegada|6"
"105850542852841","105850542852841","Hakan Calhanoglu","84","MC","National Team Pack Türkiye 2026","Meia de lado por fora","6","Agilidade +1","linha_10027","comprada:MLE","v6","2026-08-15 16:58:11.934244+00","vaga livre — A COLETAR","105850542852841|Meia de lado por fora|6"
"105850542852841","105850542852841","Hakan Calhanoglu","84","MC","National Team Pack Türkiye 2026","Meia ofensivo armador","6","Técnica +1","linha_4314","comprada:SA","v6","2026-08-17 14:45:39.224306+00","vaga livre — A COLETAR","105850542852841|Meia ofensivo armador|6"
"105850542852841","105850542852841","Hakan Calhanoglu","84","MC","National Team Pack Türkiye 2026","Ponta finalizadora","6","Condução Técnica +1","linha_4313","comprada:PD","v6","2026-08-17 14:45:39.056723+00","vaga livre — A COLETAR","105850542852841|Ponta finalizadora|6"
"105850542852841","105850542852841","Hakan Calhanoglu","84","MC","National Team Pack Türkiye 2026","Volante de construção","6","Reconstrução +1","linha_10031","comprada:VOL","v6","2026-08-15 17:00:18.64584+00","vaga livre — A COLETAR","105850542852841|Volante de construção|6"
"105850542893322","105850542893322","Arda Guler","84","MO","National Team Pack Türkiye 2026","Meia central de chegada","6","Agilidade +1","linha_4318","comprada:MC","v6","2026-08-17 14:45:39.921+00","vaga livre — A COLETAR","105850542893322|Meia central de chegada|6"
"105850542893322","105850542893322","Arda Guler","84","MO","National Team Pack Türkiye 2026","Meia de lado por dentro","6","Agilidade +1","linha_10026","comprada:MLD","v6","2026-08-15 16:56:05.79488+00","vaga livre — A COLETAR","105850542893322|Meia de lado por dentro|6"
"105850542893322","105850542893322","Arda Guler","84","MO","National Team Pack Türkiye 2026","Meia ofensivo armador","6","Criador de Jogadas +1","linha_4316","nativa","v6","2026-08-17 14:45:39.58851+00","vaga livre — A COLETAR","105850542893322|Meia ofensivo armador|6"
"105850542893322","105850542893322","Arda Guler","84","MO","National Team Pack Türkiye 2026","Ponta finalizadora","6","Agilidade +1","linha_4317","comprada:PD","v6","2026-08-17 14:45:39.756037+00","vaga livre — A COLETAR","105850542893322|Ponta finalizadora|6"
"105850542893322","105850542893322","Arda Guler","84","MO","National Team Pack Türkiye 2026","Segundo atacante","6","Instinto Artilheiro +1","linha_10030","nativa","v6","2026-08-15 17:00:18.470298+00","vaga livre — A COLETAR","105850542893322|Segundo atacante|6"
"105850542893322","105850542893322","Arda Guler","84","MO","National Team Pack Türkiye 2026","Volante de contenção","6","Motor do Time +1","linha_10070","comprada:VOL","v6","2026-08-15 17:11:01.293127+00","vaga livre — A COLETAR","105850542893322|Volante de contenção|6"
"105850542916637","105850542916637","Kenan Yildiz","84","PE","National Team Pack Türkiye 2026","Centroavante móvel","6","Instinto Artilheiro +1","linha_10029","comprada:CA","v6","2026-08-15 17:00:18.296817+00","vaga livre — A COLETAR","105850542916637|Centroavante móvel|6"
"105850542916637","105850542916637","Kenan Yildiz","84","PE","National Team Pack Türkiye 2026","Meia de lado por dentro","6","Agilidade +1","linha_10033","comprada:MLE","v6","2026-08-15 17:04:25.42637+00","vaga livre — A COLETAR","105850542916637|Meia de lado por dentro|6"
"105850542916637","105850542916637","Kenan Yildiz","84","PE","National Team Pack Türkiye 2026","Meia ofensivo armador","6","Passe +1","linha_4319","comprada:SA","v6","2026-08-17 14:45:40.104359+00","vaga livre — A COLETAR","105850542916637|Meia ofensivo armador|6"
"105850542916637","105850542916637","Kenan Yildiz","84","PE","National Team Pack Türkiye 2026","Ponta criadora","6","Agilidade +1","linha_4322","nativa","v6","2026-08-17 14:45:40.607357+00","vaga livre — A COLETAR","105850542916637|Ponta criadora|6"
"105850542916637","105850542916637","Kenan Yildiz","84","PE","National Team Pack Türkiye 2026","Ponta finalizadora","6","Agilidade +1","linha_4320","nativa","v6","2026-08-17 14:45:40.274453+00","vaga livre — A COLETAR","105850542916637|Ponta finalizadora|6"
"105850811233193","105850811233193","Marquinhos","83","ZC","National Team Selection Brazil Jun '26","Meia central armador","6","Física +1","linha_4553","comprada:MC","v6","2026-08-17 14:46:18.909318+00","vaga livre — A COLETAR","105850811233193|Meia central armador|6"
"105850811233193","105850811233193","Marquinhos","83","ZC","National Team Selection Brazil Jun '26","Volante de contenção","6","Duelo (Divididas) +1","linha_10754","comprada:VOL","v6","2026-08-15 20:29:07.992487+00","vaga livre — A COLETAR","105850811233193|Volante de contenção|6"
"105850811233193","105850811233193","Marquinhos","83","ZC","National Team Selection Brazil Jun '26","Zagueiro de combate","6","Duelo (Divididas) +1","linha_4554","nativa","v6","2026-08-17 14:46:19.067032+00","vaga livre — A COLETAR","105850811233193|Zagueiro de combate|6"
"105850811233193","105850811233193","Marquinhos","83","ZC","National Team Selection Brazil Jun '26","Zagueiro de saída","6","Duelo (Divididas) +1","linha_4555","nativa","v6","2026-08-17 14:46:19.230657+00","vaga livre — A COLETAR","105850811233193|Zagueiro de saída|6"
"105850811297844","105850811297844","Raphinha","85","MO","National Team Selection Brazil Jun '26","Centroavante fixo","6","Chute +1",,"basica:CA","v6","2026-08-19 02:52:51.237412+00","vaga livre — A COLETAR","105850811297844|Centroavante fixo|6"
"105850811297844","105850811297844","Raphinha","85","MO","National Team Selection Brazil Jun '26","Centroavante móvel","6","Instinto Artilheiro +1","linha_9278","comprada:CA","v6","2026-08-15 13:06:38.979905+00","vaga livre — A COLETAR","105850811297844|Centroavante móvel|6"
"105850811297844","105850811297844","Raphinha","85","MO","National Team Selection Brazil Jun '26","Falso nove","6","Criador de Jogadas +1",,"basica:CA","v6","2026-08-19 02:54:08.004314+00","vaga livre — A COLETAR","105850811297844|Falso nove|6"
"105850811297844","105850811297844","Raphinha","85","MO","National Team Selection Brazil Jun '26","Meia central armador","6","Técnica +1",,"basica:MC","v6","2026-08-19 02:53:20.340994+00","vaga livre — A COLETAR","105850811297844|Meia central armador|6"
"105850811297844","105850811297844","Raphinha","85","MO","National Team Selection Brazil Jun '26","Meia central de chegada","6","Técnica +1","linha_4111","comprada:MC","v6","2026-08-17 14:45:05.420331+00","vaga livre — A COLETAR","105850811297844|Meia central de chegada|6"
"105850811297844","105850811297844","Raphinha","85","MO","National Team Selection Brazil Jun '26","Meia de lado por dentro","6","Condução Técnica +1","linha_9279","comprada:MLE","v6","2026-08-15 13:06:39.202843+00","vaga livre — A COLETAR","105850811297844|Meia de lado por dentro|6"
"105850811297844","105850811297844","Raphinha","85","MO","National Team Selection Brazil Jun '26","Meia de lado por fora","6","Cruzamento +1",,"basica:MLE","v6","2026-08-19 02:54:32.118676+00","vaga livre — A COLETAR","105850811297844|Meia de lado por fora|6"
"105850811297844","105850811297844","Raphinha","85","MO","National Team Selection Brazil Jun '26","Meia ofensivo armador","6","Técnica +1","linha_4113","nativa","v6","2026-08-17 14:45:05.752551+00","vaga livre — A COLETAR","105850811297844|Meia ofensivo armador|6"
"105850811297844","105850811297844","Raphinha","85","MO","National Team Selection Brazil Jun '26","Ponta criadora","6","Condução Técnica +1",,"basica:PE","v6","2026-08-19 02:55:05.934966+00","vaga livre — A COLETAR","105850811297844|Ponta criadora|6"
"105850811297844","105850811297844","Raphinha","85","MO","National Team Selection Brazil Jun '26","Ponta finalizadora","6","Agilidade +1","linha_4112","comprada:PD","v6","2026-08-17 14:45:05.586981+00","vaga livre — A COLETAR","105850811297844|Ponta finalizadora|6"
"105850811297844","105850811297844","Raphinha","85","MO","National Team Selection Brazil Jun '26","Segundo atacante","6","Técnica +1","linha_9294","nativa","v6","2026-08-15 13:06:42.484295+00","vaga livre — A COLETAR","105850811297844|Segundo atacante|6"
"105850811298407","105850811298407","Gabriel Magalhaes","83","ZC","National Team Selection Brazil Jun '26","Zagueiro de combate","6","Duelo +1","linha_4556","nativa","v6","2026-08-17 14:46:19.387538+00","vaga livre — A COLETAR","105850811298407|Zagueiro de combate|6"
"105850811298407","105850811298407","Gabriel Magalhaes","83","ZC","National Team Selection Brazil Jun '26","Zagueiro de saída","6","Duelo (Divididas) +1","linha_4557","nativa","v6","2026-08-17 14:46:19.546832+00","vaga livre — A COLETAR","105850811298407|Zagueiro de saída|6"
"105850811304249","105850811304249","Bruno Guimaraes","84","MC","National Team Selection Brazil Jun '26","Meia central armador","6","Criador de Jogadas +1","linha_4321","nativa","v6","2026-08-17 14:45:40.440974+00","vaga livre — A COLETAR","105850811304249|Meia central armador|6"
"105850811304249","105850811304249","Bruno Guimaraes","84","MC","National Team Selection Brazil Jun '26","Meia central de chegada","6","Criador de Jogadas +1","linha_4324","nativa","v6","2026-08-17 14:45:40.926369+00","vaga livre — A COLETAR","105850811304249|Meia central de chegada|6"
"105850811304249","105850811304249","Bruno Guimaraes","84","MC","National Team Selection Brazil Jun '26","Meia ofensivo armador","6","Técnica +1","linha_4323","comprada:MO","v6","2026-08-17 14:45:40.772569+00","vaga livre — A COLETAR","105850811304249|Meia ofensivo armador|6"
"105850811304249","105850811304249","Bruno Guimaraes","84","MC","National Team Selection Brazil Jun '26","Volante de construção","6","Reconstrução +1","linha_10034","comprada:VOL","v6","2026-08-15 17:04:25.643513+00","vaga livre — A COLETAR","105850811304249|Volante de construção|6"
"105851348193896","105851348193896","Arif Aiman","81","MLD","National Team Selection Malaysia May '26","Centroavante móvel","6","Sem Bola +1","linha_11709","comprada:CA","v6","2026-08-16 00:57:13.056335+00","vaga livre — A COLETAR","105851348193896|Centroavante móvel|6"
"105851348193896","105851348193896","Arif Aiman","81","MLD","National Team Selection Malaysia May '26","Meia de lado por dentro","6","Agilidade +1","linha_11711","nativa","v6","2026-08-16 00:58:35.738595+00","vaga livre — A COLETAR","105851348193896|Meia de lado por dentro|6"
"105851348193896","105851348193896","Arif Aiman","81","MLD","National Team Selection Malaysia May '26","Meia de lado por fora","6","Sem Bola +1","linha_11712","nativa","v6","2026-08-16 00:58:35.738595+00","vaga livre — A COLETAR","105851348193896|Meia de lado por fora|6"
"105851348193896","105851348193896","Arif Aiman","81","MLD","National Team Selection Malaysia May '26","Ponta finalizadora","6","Agilidade +1","linha_4783","comprada:PE","v6","2026-08-17 14:46:57.949862+00","vaga livre — A COLETAR","105851348193896|Ponta finalizadora|6"
"105851348193896","105851348193896","Arif Aiman","81","MLD","National Team Selection Malaysia May '26","Segundo atacante","6","Técnica +1","linha_11714","comprada:SA","v6","2026-08-16 01:01:26.808601+00","vaga livre — A COLETAR","105851348193896|Segundo atacante|6"
"105851348212928","105851348212928","Shahrul Saad","80","ZC","National Team Selection Malaysia May '26","Lateral ofensivo","6","Cruzamento +1","linha_11913","comprada:LD","v6","2026-08-16 02:06:05.040462+00","vaga livre — A COLETAR","105851348212928|Lateral ofensivo|6"
"105851348212928","105851348212928","Shahrul Saad","80","ZC","National Team Selection Malaysia May '26","Zagueiro de combate","6","Duelo +1","linha_4833","nativa","v6","2026-08-17 14:47:06.480328+00","vaga livre — A COLETAR","105851348212928|Zagueiro de combate|6"
"105851348212928","105851348212928","Shahrul Saad","80","ZC","National Team Selection Malaysia May '26","Zagueiro de saída","6","Duelo +1","linha_4834","nativa","v6","2026-08-17 14:47:06.775814+00","vaga livre — A COLETAR","105851348212928|Zagueiro de saída|6"
"105851666948025","105851666948025","Ole Romeny","80","CA","National Team Selection Indonesia Jun '26","Centroavante fixo","6","Criador de Jogadas +1","linha_11914","nativa","v6","2026-08-16 02:06:05.217412+00","vaga livre — A COLETAR","105851666948025|Centroavante fixo|6"
"105851666948025","105851666948025","Ole Romeny","80","CA","National Team Selection Indonesia Jun '26","Centroavante móvel","6","Instinto Artilheiro +1","linha_11915","nativa","v6","2026-08-16 02:06:05.395425+00","vaga livre — A COLETAR","105851666948025|Centroavante móvel|6"
"105851666948025","105851666948025","Ole Romeny","80","CA","National Team Selection Indonesia Jun '26","Falso nove","6","Instinto Artilheiro +1","linha_11918","nativa","v6","2026-08-16 02:06:11.329518+00","vaga livre — A COLETAR","105851666948025|Falso nove|6"
"105851666948025","105851666948025","Ole Romeny","80","CA","National Team Selection Indonesia Jun '26","Meia central armador","6","Física +1","linha_4835","comprada:MC","v6","2026-08-17 14:47:06.958731+00","vaga livre — A COLETAR","105851666948025|Meia central armador|6"
"105851666948025","105851666948025","Ole Romeny","80","CA","National Team Selection Indonesia Jun '26","Meia de lado por dentro","6","Condução Técnica +1","linha_11919","comprada:MLE","v6","2026-08-16 02:06:16.928301+00","vaga livre — A COLETAR","105851666948025|Meia de lado por dentro|6"
"105851666948025","105851666948025","Ole Romeny","80","CA","National Team Selection Indonesia Jun '26","Meia ofensivo armador","6","Física +1","linha_4837","comprada:MO","v6","2026-08-17 14:47:07.28794+00","vaga livre — A COLETAR","105851666948025|Meia ofensivo armador|6"
"105851666948025","105851666948025","Ole Romeny","80","CA","National Team Selection Indonesia Jun '26","Ponta finalizadora","6","Agilidade +1","linha_4836","comprada:PD","v6","2026-08-17 14:47:07.126582+00","vaga livre — A COLETAR","105851666948025|Ponta finalizadora|6"
"105851666965172","105851666965172","Mees Hilgers","81","ZC","National Team Selection Indonesia Jun '26","Zagueiro de combate","6","Defesa (Roubo) +1","linha_4781","nativa","v6","2026-08-17 14:46:57.610283+00","vaga livre — A COLETAR","105851666965172|Zagueiro de combate|6"
"105851666965172","105851666965172","Mees Hilgers","81","ZC","National Team Selection Indonesia Jun '26","Zagueiro de saída","6","Reconstrução +1","linha_4782","nativa","v6","2026-08-17 14:46:57.785529+00","vaga livre — A COLETAR","105851666965172|Zagueiro de saída|6"
"105851666980824","105851666980824","Rafael Struick","79","PE","National Team Selection Indonesia Jun '26","Centroavante móvel","6","Sem Bola +1","linha_12005","comprada:CA","v6","2026-08-16 02:27:26.178168+00","vaga livre — A COLETAR","105851666980824|Centroavante móvel|6"
"105851666980824","105851666980824","Rafael Struick","79","PE","National Team Selection Indonesia Jun '26","Meia de lado por dentro","6","Técnica +1","linha_12007","comprada:MLE","v6","2026-08-16 02:27:31.856025+00","vaga livre — A COLETAR","105851666980824|Meia de lado por dentro|6"
"105851666980824","105851666980824","Rafael Struick","79","PE","National Team Selection Indonesia Jun '26","Meia ofensivo armador","6","Física +1","linha_12009","comprada:SA","v6","2026-08-16 02:29:38.245418+00","vaga livre — A COLETAR","105851666980824|Meia ofensivo armador|6"
"105851666980824","105851666980824","Rafael Struick","79","PE","National Team Selection Indonesia Jun '26","Ponta criadora","6","Fantasia +1","linha_12015","nativa","v6","2026-08-16 02:29:39.241108+00","vaga livre — A COLETAR","105851666980824|Ponta criadora|6"
"105851666980824","105851666980824","Rafael Struick","79","PE","National Team Selection Indonesia Jun '26","Ponta finalizadora","6","Agilidade +1","linha_12012","nativa","v6","2026-08-16 02:29:38.74211+00","vaga livre — A COLETAR","105851666980824|Ponta finalizadora|6"
"105851666981523","105851666981523","Rizky Ridho","79","ZC","National Team Selection Indonesia Jun '26","Zagueiro de combate","6","Defesa (Roubo) +1","linha_12010","nativa","v6","2026-08-16 02:29:38.407671+00","vaga livre — A COLETAR","105851666981523|Zagueiro de combate|6"
"105851666981523","105851666981523","Rizky Ridho","79","ZC","National Team Selection Indonesia Jun '26","Zagueiro de saída","6","Duelo (Divididas) +1","linha_12011","nativa","v6","2026-08-16 02:29:38.570202+00","vaga livre — A COLETAR","105851666981523|Zagueiro de saída|6"
"105851968872237","105851968872237","Yassine Bounou","82","GK","National Team Selection Morocco Jun '26","Goleiro defensivo","6","Qualidade Goleiro +1","linha_4685","nativa","v6","2026-08-17 14:46:40.924112+00","vaga livre — A COLETAR","105851968872237|Goleiro defensivo|6"
"105851968872237","105851968872237","Yassine Bounou","82","GK","National Team Selection Morocco Jun '26","Goleiro ofensivo","6","Qualidade Goleiro +1","linha_4686","nativa","v6","2026-08-17 14:46:41.12985+00","vaga livre — A COLETAR","105851968872237|Goleiro ofensivo|6"
"105851968929670","105851968929670","Brahim Diaz","82","MLD","National Team Selection Morocco Jun '26","Centroavante móvel","6","Sem Bola +1","linha_11317","comprada:CA","v6","2026-08-15 23:14:33.847962+00","vaga livre — A COLETAR","105851968929670|Centroavante móvel|6"
"105851968929670","105851968929670","Brahim Diaz","82","MLD","National Team Selection Morocco Jun '26","Meia de lado por dentro","6","Agilidade +1","linha_11319","nativa","v6","2026-08-15 23:16:41.662621+00","vaga livre — A COLETAR","105851968929670|Meia de lado por dentro|6"
"105851968929670","105851968929670","Brahim Diaz","82","MLD","National Team Selection Morocco Jun '26","Meia de lado por fora","6","Sem Bola +1","linha_11321","nativa","v6","2026-08-15 23:16:42.177807+00","vaga livre — A COLETAR","105851968929670|Meia de lado por fora|6"
"105851968929670","105851968929670","Brahim Diaz","82","MLD","National Team Selection Morocco Jun '26","Meia ofensivo armador","6","Criador de Jogadas +1","linha_4689","comprada:SA","v6","2026-08-17 14:46:41.625463+00","vaga livre — A COLETAR","105851968929670|Meia ofensivo armador|6"
"105851968929670","105851968929670","Brahim Diaz","82","MLD","National Team Selection Morocco Jun '26","Ponta criadora","6","Cruzamento +1","linha_4693","comprada:PD","v6","2026-08-17 14:46:42.294966+00","vaga livre — A COLETAR","105851968929670|Ponta criadora|6"
"105851968938280","105851968938280","Ayoub El Kaabi","81","CA","National Team Selection Morocco Jun '26","Centroavante fixo","6","Disputa Aérea +1","linha_11716","nativa","v6","2026-08-16 01:01:27.199471+00","vaga livre — A COLETAR","105851968938280|Centroavante fixo|6"
"105851968938280","105851968938280","Ayoub El Kaabi","81","CA","National Team Selection Morocco Jun '26","Centroavante móvel","6","Instinto Artilheiro +1","linha_11717","nativa","v6","2026-08-16 01:01:32.975649+00","vaga livre — A COLETAR","105851968938280|Centroavante móvel|6"
"105851968938280","105851968938280","Ayoub El Kaabi","81","CA","National Team Selection Morocco Jun '26","Falso nove","6","Instinto Artilheiro +1","linha_11727","nativa","v6","2026-08-16 01:29:00.259823+00","vaga livre — A COLETAR","105851968938280|Falso nove|6"
"105851968938280","105851968938280","Ayoub El Kaabi","81","CA","National Team Selection Morocco Jun '26","Meia de lado por dentro","6","Condução Técnica +1","linha_11728","comprada:MLD","v6","2026-08-16 01:29:00.483+00","vaga livre — A COLETAR","105851968938280|Meia de lado por dentro|6"
"105851968938280","105851968938280","Ayoub El Kaabi","81","CA","National Team Selection Morocco Jun '26","Meia ofensivo armador","6","Física +1","linha_4785","comprada:MO","v6","2026-08-17 14:46:58.309212+00","vaga livre — A COLETAR","105851968938280|Meia ofensivo armador|6"
"105851968938280","105851968938280","Ayoub El Kaabi","81","CA","National Team Selection Morocco Jun '26","Ponta finalizadora","6","Condução Técnica +1","linha_4784","comprada:PE","v6","2026-08-17 14:46:58.120201+00","vaga livre — A COLETAR","105851968938280|Ponta finalizadora|6"
"105851968956572","105851968956572","Ismael Saibari","81","MO","National Team Selection Morocco Jun '26","Centroavante móvel","6","Instinto Artilheiro +1","linha_11730","comprada:CA","v6","2026-08-16 01:29:00.80473+00","vaga livre — A COLETAR","105851968956572|Centroavante móvel|6"
"105851968956572","105851968956572","Ismael Saibari","81","MO","National Team Selection Morocco Jun '26","Meia central de chegada","6","Cruzamento +1","linha_4786","comprada:MC","v6","2026-08-17 14:46:58.479112+00","vaga livre — A COLETAR","105851968956572|Meia central de chegada|6"
"105851968956572","105851968956572","Ismael Saibari","81","MO","National Team Selection Morocco Jun '26","Meia de lado por dentro","6","Condução Técnica +1","linha_11732","comprada:MLD","v6","2026-08-16 01:29:01.17172+00","vaga livre — A COLETAR","105851968956572|Meia de lado por dentro|6"
"105851968956572","105851968956572","Ismael Saibari","81","MO","National Team Selection Morocco Jun '26","Meia ofensivo armador","6","Técnica +1","linha_4788","nativa","v6","2026-08-17 14:46:58.798484+00","vaga livre — A COLETAR","105851968956572|Meia ofensivo armador|6"
"105851968956572","105851968956572","Ismael Saibari","81","MO","National Team Selection Morocco Jun '26","Ponta finalizadora","6","Agilidade +1","linha_4787","comprada:PD","v6","2026-08-17 14:46:58.64208+00","vaga livre — A COLETAR","105851968956572|Ponta finalizadora|6"
"105851968956572","105851968956572","Ismael Saibari","81","MO","National Team Selection Morocco Jun '26","Segundo atacante","6","Instinto Artilheiro +1","linha_11733","nativa","v6","2026-08-16 01:29:01.349307+00","vaga livre — A COLETAR","105851968956572|Segundo atacante|6"
"105851968956572","105851968956572","Ismael Saibari","81","MO","National Team Selection Morocco Jun '26","Volante de contenção","6","Vigor Físico +1","linha_11764","comprada:VOL","v6","2026-08-16 01:37:43.035245+00","vaga livre — A COLETAR","105851968956572|Volante de contenção|6"
"105851968964074","105851968964074","Abde Ezzalzouli","81","MLE","National Team Selection Morocco Jun '26","Meia de lado por dentro","6","Agilidade +1","linha_11735","nativa","v6","2026-08-16 01:31:08.145624+00","vaga livre — A COLETAR","105851968964074|Meia de lado por dentro|6"
"105851968964074","105851968964074","Abde Ezzalzouli","81","MLE","National Team Selection Morocco Jun '26","Meia de lado por fora","6","Precisão +1","linha_11734","nativa","v6","2026-08-16 01:31:07.784425+00","vaga livre — A COLETAR","105851968964074|Meia de lado por fora|6"
"105851968964074","105851968964074","Abde Ezzalzouli","81","MLE","National Team Selection Morocco Jun '26","Ponta finalizadora","6","Agilidade +1","linha_4790","comprada:PE","v6","2026-08-17 14:46:59.138001+00","vaga livre — A COLETAR","105851968964074|Ponta finalizadora|6"
"105852237307683","105852237307683","Mohamed Salah","83","CA","National Team Selection Egypt Jun '26","Centroavante fixo","6","Chute +1","linha_10498","nativa","v6","2026-08-07 04:42:28.531668+00","vaga livre — A COLETAR","105852237307683|Centroavante fixo|6"
"105852237307683","105852237307683","Mohamed Salah","83","CA","National Team Selection Egypt Jun '26","Centroavante móvel","6","Instinto Artilheiro +1","linha_10499","nativa","v6","2026-08-07 04:42:30.519824+00","vaga livre — A COLETAR","105852237307683|Centroavante móvel|6"
"105852237307683","105852237307683","Mohamed Salah","83","CA","National Team Selection Egypt Jun '26","Falso nove","6","Criador de Jogadas +1","linha_10508","nativa","v6","2026-08-15 19:39:24.70801+00","vaga livre — A COLETAR","105852237307683|Falso nove|6"
"105852237307683","105852237307683","Mohamed Salah","83","CA","National Team Selection Egypt Jun '26","Meia de lado por dentro","6","Agilidade +1","linha_10505","comprada:MLD","v6","2026-08-15 19:39:24.70801+00","vaga livre — A COLETAR","105852237307683|Meia de lado por dentro|6"
"105852237307683","105852237307683","Mohamed Salah","83","CA","National Team Selection Egypt Jun '26","Meia ofensivo armador","6","Passe +1","linha_3839","comprada:MO","v6","2026-08-17 14:44:20.104723+00","vaga livre — A COLETAR","105852237307683|Meia ofensivo armador|6"
"105852237307683","105852237307683","Mohamed Salah","83","CA","National Team Selection Egypt Jun '26","Ponta finalizadora","6","Agilidade +1","linha_3840","comprada:PD","v6","2026-08-17 14:44:20.274523+00","vaga livre — A COLETAR","105852237307683|Ponta finalizadora|6"
"105852237353730","105852237353730","Rami Rabia","79","ZC","National Team Selection Egypt Jun '26","Lateral ofensivo","6","Cruzamento +1","linha_12016","comprada:LD","v6","2026-08-16 02:29:39.40571+00","vaga livre — A COLETAR","105852237353730|Lateral ofensivo|6"
"105852237353730","105852237353730","Rami Rabia","79","ZC","National Team Selection Egypt Jun '26","Zagueiro de combate","6","Duelo +1","linha_12013","nativa","v6","2026-08-16 02:29:38.907641+00","vaga livre — A COLETAR","105852237353730|Zagueiro de combate|6"
"105852237353730","105852237353730","Rami Rabia","79","ZC","National Team Selection Egypt Jun '26","Zagueiro de saída","6","Duelo +1","linha_12014","nativa","v6","2026-08-16 02:29:39.077737+00","vaga livre — A COLETAR","105852237353730|Zagueiro de saída|6"
"105852237358172","105852237358172","Trezeguet","80","MO","National Team Selection Egypt Jun '26","Meia central de chegada","6","Cruzamento +1","linha_4839","comprada:MC","v6","2026-08-17 14:47:07.628766+00","vaga livre — A COLETAR","105852237358172|Meia central de chegada|6"
"105852237358172","105852237358172","Trezeguet","80","MO","National Team Selection Egypt Jun '26","Meia de lado por dentro","6","Agilidade +1","linha_11924","comprada:MLD","v6","2026-08-16 02:10:24.336858+00","vaga livre — A COLETAR","105852237358172|Meia de lado por dentro|6"
"105852237358172","105852237358172","Trezeguet","80","MO","National Team Selection Egypt Jun '26","Meia ofensivo armador","6","Criador de Jogadas +1","linha_4838","nativa","v6","2026-08-17 14:47:07.464002+00","vaga livre — A COLETAR","105852237358172|Meia ofensivo armador|6"
"105852237358172","105852237358172","Trezeguet","80","MO","National Team Selection Egypt Jun '26","Ponta finalizadora","6","Agilidade +1","linha_4840","comprada:PD","v6","2026-08-17 14:47:07.793702+00","vaga livre — A COLETAR","105852237358172|Ponta finalizadora|6"
"105852237358172","105852237358172","Trezeguet","80","MO","National Team Selection Egypt Jun '26","Segundo atacante","6","Fantasia +1","linha_11935","nativa","v6","2026-08-16 02:12:32.215032+00","vaga livre — A COLETAR","105852237358172|Segundo atacante|6"
"105852237362944","105852237362944","Mohamed Hany","79","LD","National Team Selection Egypt Jun '26","Lateral defensivo","6","Duelo (Divididas) +1","linha_11980","nativa","v6","2026-08-07 04:42:32.37264+00","vaga livre — A COLETAR","105852237362944|Lateral defensivo|6"
"105852237362944","105852237362944","Mohamed Hany","79","LD","National Team Selection Egypt Jun '26","Lateral ofensivo","6","Agilidade +1","linha_11993","nativa","v6","2026-08-07 04:42:33.329312+00","vaga livre — A COLETAR","105852237362944|Lateral ofensivo|6"
"105852237362944","105852237362944","Mohamed Hany","79","LD","National Team Selection Egypt Jun '26","Meia de lado por dentro","6","Técnica +1","linha_11994","comprada:MLD","v6","2026-08-16 02:25:18.480511+00","vaga livre — A COLETAR","105852237362944|Meia de lado por dentro|6"
"105852237362944","105852237362944","Mohamed Hany","79","LD","National Team Selection Egypt Jun '26","Zagueiro de saída","6","Bloqueio Aéreo +1","linha_3897","comprada:ZC","v6","2026-08-17 14:44:29.904247+00","vaga livre — A COLETAR","105852237362944|Zagueiro de saída|6"
"105852237392648","105852237392648","Omar Marmoush","83","CA","National Team Selection Egypt Jun '26","Centroavante fixo","6","Chute +1","linha_10502","nativa","v6","2026-08-07 04:42:28.531668+00","vaga livre — A COLETAR","105852237392648|Centroavante fixo|6"
"105852237392648","105852237392648","Omar Marmoush","83","CA","National Team Selection Egypt Jun '26","Centroavante móvel","6","Instinto Artilheiro +1","linha_10503","nativa","v6","2026-08-07 04:42:30.519824+00","vaga livre — A COLETAR","105852237392648|Centroavante móvel|6"
"105852237392648","105852237392648","Omar Marmoush","83","CA","National Team Selection Egypt Jun '26","Falso nove","6","Instinto Artilheiro +1","linha_10512","nativa","v6","2026-08-15 19:39:24.70801+00","vaga livre — A COLETAR","105852237392648|Falso nove|6"
"105852237392648","105852237392648","Omar Marmoush","83","CA","National Team Selection Egypt Jun '26","Meia de lado por dentro","6","Condução Técnica +1","linha_10510","comprada:MLE","v6","2026-08-15 19:39:24.70801+00","vaga livre — A COLETAR","105852237392648|Meia de lado por dentro|6"
"105852237392648","105852237392648","Omar Marmoush","83","CA","National Team Selection Egypt Jun '26","Ponta finalizadora","6","Agilidade +1","linha_3841","comprada:PE","v6","2026-08-17 14:44:20.444026+00","vaga livre — A COLETAR","105852237392648|Ponta finalizadora|6"
"105852237395399","105852237395399","Yasser Ibrahim","78","ZC","National Team Selection Egypt Jun '26","Zagueiro de combate","6","Duelo (Divididas) +1","linha_3901","nativa","v6","2026-08-17 14:44:30.555899+00","vaga livre — A COLETAR","105852237395399|Zagueiro de combate|6"
"105852237395399","105852237395399","Yasser Ibrahim","78","ZC","National Team Selection Egypt Jun '26","Zagueiro de saída","6","Bloqueio Aéreo +1","linha_3902","nativa","v6","2026-08-17 14:44:30.757278+00","vaga livre — A COLETAR","105852237395399|Zagueiro de saída|6"
"105852237395400","105852237395400","Hamdi Fathy","81","VOL","National Team Selection Egypt Jun '26","Meia central armador","6","Técnica +1","linha_4789","comprada:MC","v6","2026-08-17 14:46:58.975477+00","vaga livre — A COLETAR","105852237395400|Meia central armador|6"
"105852237395400","105852237395400","Hamdi Fathy","81","VOL","National Team Selection Egypt Jun '26","Meia ofensivo armador","6","Técnica +1","linha_4791","comprada:MO","v6","2026-08-17 14:46:59.305111+00","vaga livre — A COLETAR","105852237395400|Meia ofensivo armador|6"
"105852237395400","105852237395400","Hamdi Fathy","81","VOL","National Team Selection Egypt Jun '26","Volante de construção","6","Reconstrução +1","linha_11739","nativa","v6","2026-08-16 01:31:14.196067+00","vaga livre — A COLETAR","105852237395400|Volante de construção|6"
"105852237395400","105852237395400","Hamdi Fathy","81","VOL","National Team Selection Egypt Jun '26","Volante de contenção","6","Duelo (Divididas) +1","linha_11736","nativa","v6","2026-08-16 01:31:08.324379+00","vaga livre — A COLETAR","105852237395400|Volante de contenção|6"
"105852237410755","105852237410755","Emam Ashour","81","MC","National Team Selection Egypt Jun '26","Meia central armador","6","Técnica +1",,"nativa","v6","2026-08-07 15:22:42.75495+00","vaga livre — A COLETAR","105852237410755|Meia central armador|6"
"105852237410755","105852237410755","Emam Ashour","81","MC","National Team Selection Egypt Jun '26","Meia central de chegada","6","Técnica +1",,"nativa","v6","2026-08-07 15:22:44.44004+00","vaga livre — A COLETAR","105852237410755|Meia central de chegada|6"
"105852237410755","105852237410755","Emam Ashour","81","MC","National Team Selection Egypt Jun '26","Meia ofensivo armador","6","Técnica +1","linha_3874","comprada:MO","v6","2026-08-17 14:44:25.944081+00","vaga livre — A COLETAR","105852237410755|Meia ofensivo armador|6"
"105852237410755","105852237410755","Emam Ashour","81","MC","National Team Selection Egypt Jun '26","Volante de construção","6","Cruzamento +1","linha_11704","comprada:VOL","v6","2026-08-16 00:54:59.595492+00","vaga livre — A COLETAR","105852237410755|Volante de construção|6"
"105852237421001","105852237421001","Marwan Attia","80","VOL","National Team Selection Egypt Jun '26","Meia central armador","6","Técnica +1","linha_4841","comprada:MC","v6","2026-08-17 14:47:07.955495+00","vaga livre — A COLETAR","105852237421001|Meia central armador|6"
"105852237421001","105852237421001","Marwan Attia","80","VOL","National Team Selection Egypt Jun '26","Volante de construção","6","Reconstrução +1","linha_11921","nativa","v6","2026-08-16 02:10:23.846723+00","vaga livre — A COLETAR","105852237421001|Volante de construção|6"
"105852237421001","105852237421001","Marwan Attia","80","VOL","National Team Selection Egypt Jun '26","Volante de contenção","6","Duelo (Divididas) +1","linha_11927","nativa","v6","2026-08-16 02:12:30.848732+00","vaga livre — A COLETAR","105852237421001|Volante de contenção|6"
"105860290356815","105860290356815","Idrissa Gueye","81","VOL","National Team Selection Senegal Jun '26","Meia central armador","6","Técnica +1","linha_4792","comprada:MC","v6","2026-08-17 14:46:59.468399+00","vaga livre — A COLETAR","105860290356815|Meia central armador|6"
"105860290356815","105860290356815","Idrissa Gueye","81","VOL","National Team Selection Senegal Jun '26","Meia ofensivo armador","6","Técnica +1","linha_4793","comprada:MO","v6","2026-08-17 14:46:59.617025+00","vaga livre — A COLETAR","105860290356815|Meia ofensivo armador|6"
"105860290356815","105860290356815","Idrissa Gueye","81","VOL","National Team Selection Senegal Jun '26","Volante de construção","6","Precisão +1","linha_11747","nativa","v6","2026-08-16 01:33:21.624221+00","vaga livre — A COLETAR","105860290356815|Volante de construção|6"
"105860290356815","105860290356815","Idrissa Gueye","81","VOL","National Team Selection Senegal Jun '26","Volante de contenção","6","Duelo (Divididas) +1","linha_11748","nativa","v6","2026-08-16 01:33:21.789242+00","vaga livre — A COLETAR","105860290356815|Volante de contenção|6"
"105860290371544","105860290371544","Sadio Mane","83","PE","National Team Selection Senegal Jun '26","Centroavante móvel","6","Instinto Artilheiro +1","linha_10764","comprada:CA","v6","2026-08-15 20:31:16.111092+00","vaga livre — A COLETAR","105860290371544|Centroavante móvel|6"
"105860290371544","105860290371544","Sadio Mane","83","PE","National Team Selection Senegal Jun '26","Meia de lado por dentro","6","Condução Técnica +1","linha_10767","comprada:MLE","v6","2026-08-15 20:31:16.607924+00","vaga livre — A COLETAR","105860290371544|Meia de lado por dentro|6"
"105860290371544","105860290371544","Sadio Mane","83","PE","National Team Selection Senegal Jun '26","Meia ofensivo armador","6","Técnica +1","linha_4559","comprada:SA","v6","2026-08-17 14:46:19.866585+00","vaga livre — A COLETAR","105860290371544|Meia ofensivo armador|6"
"105860290371544","105860290371544","Sadio Mane","83","PE","National Team Selection Senegal Jun '26","Ponta criadora","6","Agilidade +1","linha_4561","nativa","v6","2026-08-17 14:46:20.183223+00","vaga livre — A COLETAR","105860290371544|Ponta criadora|6"
"105860290371544","105860290371544","Sadio Mane","83","PE","National Team Selection Senegal Jun '26","Ponta finalizadora","6","Agilidade +1","linha_4560","nativa","v6","2026-08-17 14:46:20.026596+00","vaga livre — A COLETAR","105860290371544|Ponta finalizadora|6"
"105860290416997","105860290416997","Kalidou Koulibaly","82","ZC","National Team Selection Senegal Jun '26","Lateral ofensivo","6","Cruzamento +1","linha_11344","comprada:LD","v6","2026-08-15 23:19:00.9256+00","vaga livre — A COLETAR","105860290416997|Lateral ofensivo|6"
"105860290416997","105860290416997","Kalidou Koulibaly","82","ZC","National Team Selection Senegal Jun '26","Zagueiro de combate","6","Duelo (Divididas) +1","linha_4687","nativa","v6","2026-08-17 14:46:41.301328+00","vaga livre — A COLETAR","105860290416997|Zagueiro de combate|6"
"105860290416997","105860290416997","Kalidou Koulibaly","82","ZC","National Team Selection Senegal Jun '26","Zagueiro de saída","6","Duelo (Divididas) +1","linha_4688","nativa","v6","2026-08-17 14:46:41.478523+00","vaga livre — A COLETAR","105860290416997|Zagueiro de saída|6"
"105860290427681","105860290427681","Edouard Mendy","82","GK","National Team Selection Senegal Jun '26","Goleiro defensivo","6","Qualidade Goleiro +1","linha_3859","nativa","v6","2026-08-17 14:44:23.457113+00","vaga livre — A COLETAR","105860290427681|Goleiro defensivo|6"
"105860290427681","105860290427681","Edouard Mendy","82","GK","National Team Selection Senegal Jun '26","Goleiro ofensivo","6","Qualidade Goleiro +1",,"nativa","v6","2026-08-07 04:42:31.912757+00","vaga livre — A COLETAR","105860290427681|Goleiro ofensivo|6"
"105860290430931","105860290430931","Pape Gueye","81","VOL","National Team Selection Senegal Jun '26","Meia central de chegada","6","Técnica +1","linha_12136","comprada:MC","v6","2026-08-17 14:48:01.537681+00","vaga livre — A COLETAR","105860290430931|Meia central de chegada|6"
"105860290430931","105860290430931","Pape Gueye","81","VOL","National Team Selection Senegal Jun '26","Volante de construção","6","Reconstrução +1","linha_11552","nativa","v6","2026-08-16 00:34:52.901866+00","vaga livre — A COLETAR","105860290430931|Volante de construção|6"
"105860290430931","105860290430931","Pape Gueye","81","VOL","National Team Selection Senegal Jun '26","Volante de contenção","6","Duelo (Divididas) +1","linha_11551","nativa","v6","2026-08-16 00:34:47.319592+00","vaga livre — A COLETAR","105860290430931|Volante de contenção|6"
"105860290455110","105860290455110","Nicolas Jackson","82","CA","National Team Selection Senegal Jun '26","Centroavante fixo","6","Disputa Aérea +1","linha_11342","nativa","v6","2026-08-15 23:19:00.521912+00","vaga livre — A COLETAR","105860290455110|Centroavante fixo|6"
"105860290455110","105860290455110","Nicolas Jackson","82","CA","National Team Selection Senegal Jun '26","Centroavante móvel","6","Instinto Artilheiro +1","linha_11343","nativa","v6","2026-08-15 23:19:00.736535+00","vaga livre — A COLETAR","105860290455110|Centroavante móvel|6"
"105860290455110","105860290455110","Nicolas Jackson","82","CA","National Team Selection Senegal Jun '26","Falso nove","6","Criador de Jogadas +1","linha_11347","nativa","v6","2026-08-15 23:21:15.511079+00","vaga livre — A COLETAR","105860290455110|Falso nove|6"
"105860290455110","105860290455110","Nicolas Jackson","82","CA","National Team Selection Senegal Jun '26","Ponta finalizadora","6","Sem Bola +1","linha_4692","comprada:PE","v6","2026-08-17 14:46:42.120425+00","vaga livre — A COLETAR","105860290455110|Ponta finalizadora|6"
"105860558811421","105860558811421","Riyad Mahrez","82","MLD","National Team Selection Algeria Jun '26","Centroavante móvel","6","Sem Bola +1","linha_11119","comprada:CA","v6","2026-08-15 22:41:50.126464+00","vaga livre — A COLETAR","105860558811421|Centroavante móvel|6"
"105860558811421","105860558811421","Riyad Mahrez","82","MLD","National Team Selection Algeria Jun '26","Meia de lado por dentro","6","Agilidade +1","linha_11126","nativa","v6","2026-08-07 15:22:46.441759+00","vaga livre — A COLETAR","105860558811421|Meia de lado por dentro|6"
"105860558811421","105860558811421","Riyad Mahrez","82","MLD","National Team Selection Algeria Jun '26","Meia de lado por fora","6","Sem Bola +1","linha_11128","nativa","v6","2026-08-15 22:46:03.8703+00","vaga livre — A COLETAR","105860558811421|Meia de lado por fora|6"
"105860558811421","105860558811421","Riyad Mahrez","82","MLD","National Team Selection Algeria Jun '26","Meia ofensivo armador","6","Criador de Jogadas +1","linha_3860","comprada:SA","v6","2026-08-17 14:44:23.613245+00","vaga livre — A COLETAR","105860558811421|Meia ofensivo armador|6"
"105860558811421","105860558811421","Riyad Mahrez","82","MLD","National Team Selection Algeria Jun '26","Ponta criadora","6","Agilidade +1","linha_3862","comprada:PD","v6","2026-08-17 14:44:23.923517+00","vaga livre — A COLETAR","105860558811421|Ponta criadora|6"
"105860558860253","105860558860253","Ismael Bennacer","81","VOL","National Team Selection Algeria Jun '26","Meia central armador","6","Técnica +1","linha_4794","comprada:MC","v6","2026-08-17 14:46:59.795877+00","vaga livre — A COLETAR","105860558860253|Meia central armador|6"
"105860558860253","105860558860253","Ismael Bennacer","81","VOL","National Team Selection Algeria Jun '26","Meia de lado por dentro","6","Condução Técnica +1","linha_11749","comprada:MLD","v6","2026-08-16 01:34:18.911015+00","vaga livre — A COLETAR","105860558860253|Meia de lado por dentro|6"
"105860558860253","105860558860253","Ismael Bennacer","81","VOL","National Team Selection Algeria Jun '26","Meia ofensivo armador","6","Passe +1","linha_4795","comprada:MO","v6","2026-08-17 14:46:59.991894+00","vaga livre — A COLETAR","105860558860253|Meia ofensivo armador|6"
"105860558860253","105860558860253","Ismael Bennacer","81","VOL","National Team Selection Algeria Jun '26","Volante de construção","6","Precisão +1","linha_11761","nativa","v6","2026-08-16 01:35:30.524344+00","vaga livre — A COLETAR","105860558860253|Volante de construção|6"
"105860558860253","105860558860253","Ismael Bennacer","81","VOL","National Team Selection Algeria Jun '26","Volante de contenção","6","Duelo (Divididas) +1","linha_11750","nativa","v6","2026-08-16 01:34:18.911015+00","vaga livre — A COLETAR","105860558860253|Volante de contenção|6"
"105860558880165","105860558880165","Hichem Boudaoui","81","MC","National Team Selection Algeria Jun '26","Meia central armador","6","Passe +1",,"nativa","v6","2026-08-07 15:22:42.75495+00","vaga livre — A COLETAR","105860558880165|Meia central armador|6"
"105860558880165","105860558880165","Hichem Boudaoui","81","MC","National Team Selection Algeria Jun '26","Meia central de chegada","6","Técnica +1",,"nativa","v6","2026-08-07 15:22:44.44004+00","vaga livre — A COLETAR","105860558880165|Meia central de chegada|6"
"105860558880165","105860558880165","Hichem Boudaoui","81","MC","National Team Selection Algeria Jun '26","Meia de lado por fora","6","Condução Técnica +1","linha_11561","comprada:MLE","v6","2026-08-16 00:35:54.455908+00","vaga livre — A COLETAR","105860558880165|Meia de lado por fora|6"
"105860558880165","105860558880165","Hichem Boudaoui","81","MC","National Team Selection Algeria Jun '26","Meia ofensivo armador","6","Criador de Jogadas +1","linha_3875","comprada:SA","v6","2026-08-17 14:44:26.099385+00","vaga livre — A COLETAR","105860558880165|Meia ofensivo armador|6"
"105860558880165","105860558880165","Hichem Boudaoui","81","MC","National Team Selection Algeria Jun '26","Ponta finalizadora","6","Condução Técnica +1","linha_3876","comprada:PD","v6","2026-08-17 14:44:26.254739+00","vaga livre — A COLETAR","105860558880165|Ponta finalizadora|6"
"105860558880165","105860558880165","Hichem Boudaoui","81","MC","National Team Selection Algeria Jun '26","Volante de construção","6","Precisão +1","linha_11557","comprada:VOL","v6","2026-08-16 00:35:54.455908+00","vaga livre — A COLETAR","105860558880165|Volante de construção|6"
"105860558896107","105860558896107","Mohammed Amoura","81","CA","National Team Selection Algeria Jun '26","Centroavante fixo","6","Chute +1","linha_11751","nativa","v6","2026-08-16 01:34:18.911015+00","vaga livre — A COLETAR","105860558896107|Centroavante fixo|6"
"105860558896107","105860558896107","Mohammed Amoura","81","CA","National Team Selection Algeria Jun '26","Centroavante móvel","6","Instinto Artilheiro +1","linha_11752","nativa","v6","2026-08-16 01:34:18.911015+00","vaga livre — A COLETAR","105860558896107|Centroavante móvel|6"
"105860558896107","105860558896107","Mohammed Amoura","81","CA","National Team Selection Algeria Jun '26","Falso nove","6","Criador de Jogadas +1","linha_11753","nativa","v6","2026-08-16 01:34:18.911015+00","vaga livre — A COLETAR","105860558896107|Falso nove|6"
"105860558896107","105860558896107","Mohammed Amoura","81","CA","National Team Selection Algeria Jun '26","Meia de lado por dentro","6","Condução Técnica +1","linha_11756","comprada:MLD","v6","2026-08-16 01:35:29.605366+00","vaga livre — A COLETAR","105860558896107|Meia de lado por dentro|6"
"105860558896107","105860558896107","Mohammed Amoura","81","CA","National Team Selection Algeria Jun '26","Meia ofensivo armador","6","Precisão +1","linha_4796","comprada:MO","v6","2026-08-17 14:47:00.153655+00","vaga livre — A COLETAR","105860558896107|Meia ofensivo armador|6"
"105860558896107","105860558896107","Mohammed Amoura","81","CA","National Team Selection Algeria Jun '26","Ponta finalizadora","6","Condução Técnica +1","linha_4801","comprada:PE","v6","2026-08-17 14:47:01.006884+00","vaga livre — A COLETAR","105860558896107|Ponta finalizadora|6"
"105860558923477","105860558923477","Ibrahim Maza","81","MO","National Team Selection Algeria Jun '26","Centroavante móvel","6","Instinto Artilheiro +1","linha_11553","comprada:CA","v6","2026-08-16 00:34:53.071808+00","vaga livre — A COLETAR","105860558923477|Centroavante móvel|6"
"105860558923477","105860558923477","Ibrahim Maza","81","MO","National Team Selection Algeria Jun '26","Meia central de chegada","6","Agilidade +1","linha_12134","comprada:MC","v6","2026-08-17 14:48:01.221859+00","vaga livre — A COLETAR","105860558923477|Meia central de chegada|6"
"105860558923477","105860558923477","Ibrahim Maza","81","MO","National Team Selection Algeria Jun '26","Meia ofensivo armador","6","Técnica +1","linha_3877","nativa","v6","2026-08-17 14:44:26.410427+00","vaga livre — A COLETAR","105860558923477|Meia ofensivo armador|6"
"105860558923477","105860558923477","Ibrahim Maza","81","MO","National Team Selection Algeria Jun '26","Segundo atacante","6","Técnica +1","linha_11554","nativa","v6","2026-08-16 00:35:54.455908+00","vaga livre — A COLETAR","105860558923477|Segundo atacante|6"
"105861817154804","105861817154804","Mounir Chouiar","80","MO","Moroccan League Selection 13 Aug '26","Centroavante móvel","6","Sem Bola +1",,"comprada:CA","v6","2026-08-15 00:57:38.046198+00","vaga livre — A COLETAR","105861817154804|Centroavante móvel|6"
"105861817154804","105861817154804","Mounir Chouiar","80","MO","Moroccan League Selection 13 Aug '26","Meia central de chegada","6","Cruzamento +1",,"comprada:MC","v6","2026-08-15 00:57:38.046198+00","vaga livre — A COLETAR","105861817154804|Meia central de chegada|6"
"105861817154804","105861817154804","Mounir Chouiar","80","MO","Moroccan League Selection 13 Aug '26","Meia de lado por dentro","6","Agilidade +1",,"comprada:MLE","v6","2026-08-15 00:57:38.046198+00","vaga livre — A COLETAR","105861817154804|Meia de lado por dentro|6"
"105861817154804","105861817154804","Mounir Chouiar","80","MO","Moroccan League Selection 13 Aug '26","Meia ofensivo armador","6","Criador de Jogadas +1",,"nativa","v6","2026-08-15 00:57:38.046198+00","vaga livre — A COLETAR","105861817154804|Meia ofensivo armador|6"
"105861817154804","105861817154804","Mounir Chouiar","80","MO","Moroccan League Selection 13 Aug '26","Ponta finalizadora","6","Agilidade +1",,"comprada:PE","v6","2026-08-15 00:57:38.046198+00","vaga livre — A COLETAR","105861817154804|Ponta finalizadora|6"
"105861817154804","105861817154804","Mounir Chouiar","80","MO","Moroccan League Selection 13 Aug '26","Segundo atacante","6","Instinto Artilheiro +1",,"nativa","v6","2026-08-15 00:57:38.046198+00","vaga livre — A COLETAR","105861817154804|Segundo atacante|6"
"105861817157277","105861817157277","Ramiro Vaca","80","MO","Moroccan League Selection 13 Aug '26","Meia central armador","6","Técnica +1",,"comprada:MC","v6","2026-08-15 13:07:34.300936+00","vaga livre — A COLETAR","105861817157277|Meia central armador|6"
"105861817157277","105861817157277","Ramiro Vaca","80","MO","Moroccan League Selection 13 Aug '26","Meia de lado por dentro","6","Condução Técnica +1",,"comprada:MLD","v6","2026-08-15 13:07:34.300936+00","vaga livre — A COLETAR","105861817157277|Meia de lado por dentro|6"
"105861817157277","105861817157277","Ramiro Vaca","80","MO","Moroccan League Selection 13 Aug '26","Meia ofensivo armador","6","Passe +1",,"nativa","v6","2026-08-15 13:07:34.300936+00","vaga livre — A COLETAR","105861817157277|Meia ofensivo armador|6"
"105861817157277","105861817157277","Ramiro Vaca","80","MO","Moroccan League Selection 13 Aug '26","Ponta finalizadora","6","Agilidade +1",,"comprada:PE","v6","2026-08-15 13:07:34.300936+00","vaga livre — A COLETAR","105861817157277|Ponta finalizadora|6"
"105861817157277","105861817157277","Ramiro Vaca","80","MO","Moroccan League Selection 13 Aug '26","Segundo atacante","6","Técnica +1",,"nativa","v6","2026-08-15 13:07:34.300936+00","vaga livre — A COLETAR","105861817157277|Segundo atacante|6"
"105861817157277","105861817157277","Ramiro Vaca","80","MO","Moroccan League Selection 13 Aug '26","Volante de contenção","6","Vigor Físico +1",,"comprada:VOL","v6","2026-08-15 13:07:34.300936+00","vaga livre — A COLETAR","105861817157277|Volante de contenção|6"
"105861817160530","105861817160530","Moussa Kone","79","CA","Moroccan League Selection 13 Aug '26","Centroavante fixo","6","Chute +1",,"nativa","v6","2026-08-15 13:07:34.300936+00","vaga livre — A COLETAR","105861817160530|Centroavante fixo|6"
"105861817160530","105861817160530","Moussa Kone","79","CA","Moroccan League Selection 13 Aug '26","Centroavante móvel","6","Sem Bola +1",,"nativa","v6","2026-08-15 13:07:34.300936+00","vaga livre — A COLETAR","105861817160530|Centroavante móvel|6"
"105861817160530","105861817160530","Moussa Kone","79","CA","Moroccan League Selection 13 Aug '26","Falso nove","6","Instinto Artilheiro +1",,"nativa","v6","2026-08-15 13:07:34.300936+00","vaga livre — A COLETAR","105861817160530|Falso nove|6"
"105861817160530","105861817160530","Moussa Kone","79","CA","Moroccan League Selection 13 Aug '26","Meia de lado por dentro","6","Condução Técnica +1",,"comprada:MLE","v6","2026-08-15 13:07:34.300936+00","vaga livre — A COLETAR","105861817160530|Meia de lado por dentro|6"
"105861817160530","105861817160530","Moussa Kone","79","CA","Moroccan League Selection 13 Aug '26","Ponta finalizadora","6","Agilidade +1",,"comprada:PE","v6","2026-08-15 13:07:34.300936+00","vaga livre — A COLETAR","105861817160530|Ponta finalizadora|6"
"105861817180967","105861817180967","Ismael Benktib","79","MC","Moroccan League Selection 13 Aug '26","Meia central armador","6","Técnica +1",,"nativa","v6","2026-08-15 13:07:34.300936+00","vaga livre — A COLETAR","105861817180967|Meia central armador|6"
"105861817180967","105861817180967","Ismael Benktib","79","MC","Moroccan League Selection 13 Aug '26","Meia central de chegada","6","Técnica +1",,"nativa","v6","2026-08-15 13:07:34.300936+00","vaga livre — A COLETAR","105861817180967|Meia central de chegada|6"
"105861817180967","105861817180967","Ismael Benktib","79","MC","Moroccan League Selection 13 Aug '26","Meia ofensivo armador","6","Técnica +1",,"comprada:MO","v6","2026-08-15 13:07:34.300936+00","vaga livre — A COLETAR","105861817180967|Meia ofensivo armador|6"
"105861817180967","105861817180967","Ismael Benktib","79","MC","Moroccan League Selection 13 Aug '26","Volante de construção","6","Reconstrução +1",,"comprada:VOL","v6","2026-08-15 13:07:34.578035+00","vaga livre — A COLETAR","105861817180967|Volante de construção|6"
"105861817187270","105861817187270","Mohammad Abu Zraiq","79","PD","Moroccan League Selection 13 Aug '26","Meia de lado por dentro","6","Agilidade +1",,"comprada:MLD","v6","2026-08-15 13:07:34.578035+00","vaga livre — A COLETAR","105861817187270|Meia de lado por dentro|6"
"105861817187270","105861817187270","Mohammad Abu Zraiq","79","PD","Moroccan League Selection 13 Aug '26","Meia ofensivo armador","6","Precisão +1",,"comprada:MO","v6","2026-08-15 13:07:34.578035+00","vaga livre — A COLETAR","105861817187270|Meia ofensivo armador|6"
"105861817187270","105861817187270","Mohammad Abu Zraiq","79","PD","Moroccan League Selection 13 Aug '26","Ponta criadora","6","Fantasia +1",,"nativa","v6","2026-08-15 13:07:34.300936+00","vaga livre — A COLETAR","105861817187270|Ponta criadora|6"
"105861817187270","105861817187270","Mohammad Abu Zraiq","79","PD","Moroccan League Selection 13 Aug '26","Ponta finalizadora","6","Agilidade +1",,"nativa","v6","2026-08-15 13:07:34.300936+00","vaga livre — A COLETAR","105861817187270|Ponta finalizadora|6"
"105861817205535","105861817205535","Guilherme Ferreira","79","ZC","Moroccan League Selection 13 Aug '26","Zagueiro de combate","6","Duelo (Divididas) +1",,"nativa","v6","2026-08-15 13:07:34.300936+00","vaga livre — A COLETAR","105861817205535|Zagueiro de combate|6"
"105861817205535","105861817205535","Guilherme Ferreira","79","ZC","Moroccan League Selection 13 Aug '26","Zagueiro de saída","6","Duelo (Divididas) +1",,"nativa","v6","2026-08-15 13:07:34.300936+00","vaga livre — A COLETAR","105861817205535|Zagueiro de saída|6"
"105861817208648","105861817208648","Mehdi Benabid","79","GK","Moroccan League Selection 13 Aug '26","Goleiro defensivo","6","Qualidade Goleiro +1",,"nativa","v6","2026-08-15 13:07:34.578035+00","vaga livre — A COLETAR","105861817208648|Goleiro defensivo|6"
"105861817208648","105861817208648","Mehdi Benabid","79","GK","Moroccan League Selection 13 Aug '26","Goleiro ofensivo","6","Defesaça +1",,"nativa","v6","2026-08-15 13:07:34.578035+00","vaga livre — A COLETAR","105861817208648|Goleiro ofensivo|6"
"105861817219813","105861817219813","Mohamed Boulacsout","80","LD","Moroccan League Selection 13 Aug '26","Lateral defensivo","6","Duelo +1",,"nativa","v6","2026-08-15 13:07:34.300936+00","vaga livre — A COLETAR","105861817219813|Lateral defensivo|6"
"105861817219813","105861817219813","Mohamed Boulacsout","80","LD","Moroccan League Selection 13 Aug '26","Lateral ofensivo","6","Agilidade +1",,"nativa","v6","2026-08-15 13:07:34.300936+00","vaga livre — A COLETAR","105861817219813|Lateral ofensivo|6"
"105861817219813","105861817219813","Mohamed Boulacsout","80","LD","Moroccan League Selection 13 Aug '26","Meia central armador","6","Técnica +1",,"comprada:MC","v6","2026-08-15 13:07:34.300936+00","vaga livre — A COLETAR","105861817219813|Meia central armador|6"
"105861817219813","105861817219813","Mohamed Boulacsout","80","LD","Moroccan League Selection 13 Aug '26","Meia de lado por dentro","6","Condução Técnica +1",,"comprada:MLD","v6","2026-08-15 13:07:34.300936+00","vaga livre — A COLETAR","105861817219813|Meia de lado por dentro|6"
"105861817219813","105861817219813","Mohamed Boulacsout","80","LD","Moroccan League Selection 13 Aug '26","Meia ofensivo armador","6","Técnica +1",,"comprada:MO","v6","2026-08-15 13:07:34.300936+00","vaga livre — A COLETAR","105861817219813|Meia ofensivo armador|6"
"105861817219813","105861817219813","Mohamed Boulacsout","80","LD","Moroccan League Selection 13 Aug '26","Ponta finalizadora","6","Condução Técnica +1",,"comprada:PD","v6","2026-08-15 13:07:34.300936+00","vaga livre — A COLETAR","105861817219813|Ponta finalizadora|6"
"105861817219813","105861817219813","Mohamed Boulacsout","80","LD","Moroccan League Selection 13 Aug '26","Volante de contenção","6","Duelo (Divididas) +1",,"comprada:VOL","v6","2026-08-15 13:07:34.300936+00","vaga livre — A COLETAR","105861817219813|Volante de contenção|6"
"105861817219819","105861817219819","Marouane Louadni","79","ZC","Moroccan League Selection 13 Aug '26","Zagueiro de combate","6","Duelo (Divididas) +1",,"nativa","v6","2026-08-15 13:07:34.578035+00","vaga livre — A COLETAR","105861817219819|Zagueiro de combate|6"
"105861817219819","105861817219819","Marouane Louadni","79","ZC","Moroccan League Selection 13 Aug '26","Zagueiro de saída","6","Duelo (Divididas) +1",,"nativa","v6","2026-08-15 13:07:34.578035+00","vaga livre — A COLETAR","105861817219819|Zagueiro de saída|6"
"105861817219822","105861817219822","Anas Bach","80","LD","Moroccan League Selection 13 Aug '26","Lateral defensivo","6","Duelo (Divididas) +1",,"nativa","v6","2026-08-15 13:07:34.300936+00","vaga livre — A COLETAR","105861817219822|Lateral defensivo|6"
"105861817219822","105861817219822","Anas Bach","80","LD","Moroccan League Selection 13 Aug '26","Lateral ofensivo","6","Agilidade +1",,"nativa","v6","2026-08-15 13:07:34.300936+00","vaga livre — A COLETAR","105861817219822|Lateral ofensivo|6"
"105861817219822","105861817219822","Anas Bach","80","LD","Moroccan League Selection 13 Aug '26","Meia central armador","6","Técnica +1",,"comprada:MC","v6","2026-08-15 13:07:34.300936+00","vaga livre — A COLETAR","105861817219822|Meia central armador|6"
"105861817219822","105861817219822","Anas Bach","80","LD","Moroccan League Selection 13 Aug '26","Meia de lado por dentro","6","Condução Técnica +1",,"comprada:MLD","v6","2026-08-15 13:07:34.300936+00","vaga livre — A COLETAR","105861817219822|Meia de lado por dentro|6"
"105861817219822","105861817219822","Anas Bach","80","LD","Moroccan League Selection 13 Aug '26","Volante de contenção","6","Duelo (Divididas) +1",,"comprada:VOL","v6","2026-08-15 13:07:34.300936+00","vaga livre — A COLETAR","105861817219822|Volante de contenção|6"
"105861817219822","105861817219822","Anas Bach","80","LD","Moroccan League Selection 13 Aug '26","Zagueiro de saída","6","Duelo +1",,"comprada:ZC","v6","2026-08-15 13:07:34.300936+00","vaga livre — A COLETAR","105861817219822|Zagueiro de saída|6"
"105861817219831","105861817219831","Oussama Lamlaoui","80","CA","Moroccan League Selection 13 Aug '26","Centroavante fixo","6","Agilidade +1",,"nativa","v6","2026-08-15 13:07:34.300936+00","vaga livre — A COLETAR","105861817219831|Centroavante fixo|6"
"105861817219831","105861817219831","Oussama Lamlaoui","80","CA","Moroccan League Selection 13 Aug '26","Centroavante móvel","6","Técnica +1",,"nativa","v6","2026-08-15 13:07:34.300936+00","vaga livre — A COLETAR","105861817219831|Centroavante móvel|6"
"105861817219831","105861817219831","Oussama Lamlaoui","80","CA","Moroccan League Selection 13 Aug '26","Falso nove","6","Condução Técnica +1",,"nativa","v6","2026-08-15 13:07:34.300936+00","vaga livre — A COLETAR","105861817219831|Falso nove|6"
"105863964584785","105863964584785","Rodrigo De Paul","82","MC","Advertisement Reward 2027","Meia central armador","6","Cruzamento +1",,"nativa","v6","2026-08-15 13:07:33.219759+00","vaga livre — A COLETAR","105863964584785|Meia central armador|6"
"105863964584785","105863964584785","Rodrigo De Paul","82","MC","Advertisement Reward 2027","Meia central de chegada","6","Condução Técnica +1",,"nativa","v6","2026-08-15 13:07:33.219759+00","vaga livre — A COLETAR","105863964584785|Meia central de chegada|6"
"105863964584785","105863964584785","Rodrigo De Paul","82","MC","Advertisement Reward 2027","Meia de lado por dentro","6","Regista +1",,"comprada:MLE","v6","2026-08-15 13:07:33.219759+00","vaga livre — A COLETAR","105863964584785|Meia de lado por dentro|6"
"105863964584785","105863964584785","Rodrigo De Paul","82","MC","Advertisement Reward 2027","Ponta finalizadora","6","Física +1",,"comprada:PE","v6","2026-08-15 13:07:33.219759+00","vaga livre — A COLETAR","105863964584785|Ponta finalizadora|6"
"105863964584785","105863964584785","Rodrigo De Paul","82","MC","Advertisement Reward 2027","Segundo atacante","6","Regista +1",,"comprada:MO","v6","2026-08-15 13:07:33.219759+00","vaga livre — A COLETAR","105863964584785|Segundo atacante|6"
"105863964584785","105863964584785","Rodrigo De Paul","82","MC","Advertisement Reward 2027","Volante de contenção","6","Criador de Jogadas +1",,"comprada:VOL","v6","2026-08-15 13:07:33.219759+00","vaga livre — A COLETAR","105863964584785|Volante de contenção|6"
"105863964625602","105863964625602","Alejandro Grimaldo","81","LE","Advertisement Reward 2027","Lateral defensivo","6","Agilidade +1",,"nativa","v6","2026-08-15 13:07:33.782002+00","vaga livre — A COLETAR","105863964625602|Lateral defensivo|6"
"105863964625602","105863964625602","Alejandro Grimaldo","81","LE","Advertisement Reward 2027","Lateral ofensivo","6","Precisão +1",,"nativa","v6","2026-08-15 13:07:33.782002+00","vaga livre — A COLETAR","105863964625602|Lateral ofensivo|6"
"105863964625602","105863964625602","Alejandro Grimaldo","81","LE","Advertisement Reward 2027","Meia de lado por dentro","6","Regista +1",,"comprada:MLE","v6","2026-08-15 13:07:33.782002+00","vaga livre — A COLETAR","105863964625602|Meia de lado por dentro|6"
"105863964625602","105863964625602","Alejandro Grimaldo","81","LE","Advertisement Reward 2027","Ponta finalizadora","6","Física +1",,"comprada:PE","v6","2026-08-15 13:07:33.782002+00","vaga livre — A COLETAR","105863964625602|Ponta finalizadora|6"
"105863964635188","105863964635188","Raphinha","83","PE","Advertisement Reward 2027","Centroavante móvel","6","Fantasia +1",,"comprada:CA","v6","2026-08-15 13:07:32.567967+00","vaga livre — A COLETAR","105863964635188|Centroavante móvel|6"
"105863964635188","105863964635188","Raphinha","83","PE","Advertisement Reward 2027","Meia de lado por fora","6","Condução Técnica +1",,"comprada:MLE","v6","2026-08-15 13:07:32.567967+00","vaga livre — A COLETAR","105863964635188|Meia de lado por fora|6"
"105863964635188","105863964635188","Raphinha","83","PE","Advertisement Reward 2027","Meia ofensivo armador","6","Sem Bola +1",,"comprada:MO","v6","2026-08-15 13:07:32.567967+00","vaga livre — A COLETAR","105863964635188|Meia ofensivo armador|6"
"105863964635188","105863964635188","Raphinha","83","PE","Advertisement Reward 2027","Ponta criadora","6","Cobrança de Falta +1",,"nativa","v6","2026-08-15 13:07:32.567967+00","vaga livre — A COLETAR","105863964635188|Ponta criadora|6"
"105863964635188","105863964635188","Raphinha","83","PE","Advertisement Reward 2027","Ponta finalizadora","6","Cobrança de Falta +1",,"nativa","v6","2026-08-15 13:07:32.567967+00","vaga livre — A COLETAR","105863964635188|Ponta finalizadora|6"
"105863964635994","105863964635994","Dean Henderson","80","GK","Advertisement Reward 2027","Goleiro defensivo","6","Precisão +1",,"nativa","v6","2026-08-15 00:57:38.046198+00","vaga livre — A COLETAR","105863964635994|Goleiro defensivo|6"
"105863964636344","105863964636344","Ruben Dias","82","ZC","Advertisement Reward 2027","Zagueiro de combate","6","Motor do Time +1",,"nativa","v6","2026-08-15 13:07:33.219759+00","vaga livre — A COLETAR","105863964636344|Zagueiro de combate|6"
"105863964636344","105863964636344","Ruben Dias","82","ZC","Advertisement Reward 2027","Zagueiro de saída","6","Disputa Aérea +1",,"nativa","v6","2026-08-15 13:07:33.219759+00","vaga livre — A COLETAR","105863964636344|Zagueiro de saída|6"
"105863964642476","105863964642476","Donyell Malen","80","PD","Advertisement Reward 2027","Centroavante móvel","6","Agilidade +1",,"comprada:CA","v6","2026-08-15 00:57:38.046198+00","vaga livre — A COLETAR","105863964642476|Centroavante móvel|6"
"105863964642476","105863964642476","Donyell Malen","80","PD","Advertisement Reward 2027","Meia de lado por dentro","6","Instinto Artilheiro +1",,"comprada:MLE","v6","2026-08-15 00:57:38.046198+00","vaga livre — A COLETAR","105863964642476|Meia de lado por dentro|6"
"105863964642476","105863964642476","Donyell Malen","80","PD","Advertisement Reward 2027","Ponta criadora","6","Instinto Artilheiro +1",,"nativa","v6","2026-08-15 00:57:38.046198+00","vaga livre — A COLETAR","105863964642476|Ponta criadora|6"
"105863964642476","105863964642476","Donyell Malen","80","PD","Advertisement Reward 2027","Ponta finalizadora","6","Instinto Artilheiro +1",,"nativa","v6","2026-08-15 00:57:38.046198+00","vaga livre — A COLETAR","105863964642476|Ponta finalizadora|6"
"105863964672716","105863964672716","Maghnes Akliouche","81","MLD","Advertisement Reward 2027","Meia central armador","6","Condução Técnica +1",,"comprada:MC","v6","2026-08-15 13:07:33.782002+00","vaga livre — A COLETAR","105863964672716|Meia central armador|6"
"105863964672716","105863964672716","Maghnes Akliouche","81","MLD","Advertisement Reward 2027","Meia de lado por dentro","6","Técnica +1",,"nativa","v6","2026-08-15 13:07:33.782002+00","vaga livre — A COLETAR","105863964672716|Meia de lado por dentro|6"
"105863964672716","105863964672716","Maghnes Akliouche","81","MLD","Advertisement Reward 2027","Meia de lado por fora","6","Técnica +1",,"nativa","v6","2026-08-15 13:07:33.782002+00","vaga livre — A COLETAR","105863964672716|Meia de lado por fora|6"
"105863964672716","105863964672716","Maghnes Akliouche","81","MLD","Advertisement Reward 2027","Meia ofensivo armador","6","Condução Técnica +1",,"comprada:MO","v6","2026-08-15 13:07:33.782002+00","vaga livre — A COLETAR","105863964672716|Meia ofensivo armador|6"
"105863964672716","105863964672716","Maghnes Akliouche","81","MLD","Advertisement Reward 2027","Ponta criadora","6","Técnica +1",,"comprada:PD","v6","2026-08-15 13:07:33.782002+00","vaga livre — A COLETAR","105863964672716|Ponta criadora|6"
"105863964686707","105863964686707","Aleksandar Pavlovic","82","VOL","Advertisement Reward 2027","Meia central armador","6","Agilidade +1",,"comprada:MC","v6","2026-08-15 13:07:33.219759+00","vaga livre — A COLETAR","105863964686707|Meia central armador|6"
"105863964686707","105863964686707","Aleksandar Pavlovic","82","VOL","Advertisement Reward 2027","Volante de construção","6","Condução Técnica +1",,"nativa","v6","2026-08-15 13:07:33.219759+00","vaga livre — A COLETAR","105863964686707|Volante de construção|6"
"105863964686707","105863964686707","Aleksandar Pavlovic","82","VOL","Advertisement Reward 2027","Volante de contenção","6","Criador de Jogadas +1",,"nativa","v6","2026-08-15 13:07:33.219759+00","vaga livre — A COLETAR","105863964686707|Volante de contenção|6"
"105863964686707","105863964686707","Aleksandar Pavlovic","82","VOL","Advertisement Reward 2027","Zagueiro de saída","6","Agilidade +1",,"comprada:ZC","v6","2026-08-15 13:07:33.219759+00","vaga livre — A COLETAR","105863964686707|Zagueiro de saída|6"
"105864769871207","105864769871207","Jordan Henderson","78","VOL","Tactical Defence 13 Aug '26","Meia central armador","6","Técnica +1",,"comprada:MC","v6","2026-08-15 13:07:34.578035+00","vaga livre — A COLETAR","105864769871207|Meia central armador|6"
"105864769871207","105864769871207","Jordan Henderson","78","VOL","Tactical Defence 13 Aug '26","Meia ofensivo armador","6","Passe +1",,"comprada:MO","v6","2026-08-15 13:07:36.240914+00","vaga livre — A COLETAR","105864769871207|Meia ofensivo armador|6"
"105864769871207","105864769871207","Jordan Henderson","78","VOL","Tactical Defence 13 Aug '26","Volante de construção","6","Regista +1",,"nativa","v6","2026-08-15 13:07:36.240914+00","vaga livre — A COLETAR","105864769871207|Volante de construção|6"
"105864769871207","105864769871207","Jordan Henderson","78","VOL","Tactical Defence 13 Aug '26","Volante de contenção","6","Duelo (Divididas) +1",,"nativa","v6","2026-08-15 13:07:36.240914+00","vaga livre — A COLETAR","105864769871207|Volante de contenção|6"
"105864769871207","105864769871207","Jordan Henderson","78","VOL","Tactical Defence 13 Aug '26","Zagueiro de saída","6","Duelo +1",,"comprada:ZC","v6","2026-08-15 13:07:34.578035+00","vaga livre — A COLETAR","105864769871207|Zagueiro de saída|6"
"105864769937869","105864769937869","Unai Simon","81","GK","Tactical Defence 13 Aug '26","Goleiro defensivo","6","Qualidade Goleiro +1",,"nativa","v6","2026-08-15 13:07:33.782002+00","vaga livre — A COLETAR","105864769937869|Goleiro defensivo|6"
"105864769937869","105864769937869","Unai Simon","81","GK","Tactical Defence 13 Aug '26","Goleiro ofensivo","6","Defesaça +1",,"nativa","v6","2026-08-15 13:07:33.782002+00","vaga livre — A COLETAR","105864769937869|Goleiro ofensivo|6"
"105864769941508","105864769941508","Mikel Oyarzabal","81","CA","Tactical Defence 13 Aug '26","Centroavante fixo","6","Chute +1",,"nativa","v6","2026-08-15 13:07:33.782002+00","vaga livre — A COLETAR","105864769941508|Centroavante fixo|6"
"105864769941508","105864769941508","Mikel Oyarzabal","81","CA","Tactical Defence 13 Aug '26","Centroavante móvel","6","Sem Bola +1",,"nativa","v6","2026-08-15 13:07:33.782002+00","vaga livre — A COLETAR","105864769941508|Centroavante móvel|6"
"105864769941508","105864769941508","Mikel Oyarzabal","81","CA","Tactical Defence 13 Aug '26","Falso nove","6","Instinto Artilheiro +1",,"nativa","v6","2026-08-15 13:07:33.782002+00","vaga livre — A COLETAR","105864769941508|Falso nove|6"
"105864769941508","105864769941508","Mikel Oyarzabal","81","CA","Tactical Defence 13 Aug '26","Meia central armador","6","Passe +1",,"comprada:MC","v6","2026-08-15 13:07:33.782002+00","vaga livre — A COLETAR","105864769941508|Meia central armador|6"
"105864769941508","105864769941508","Mikel Oyarzabal","81","CA","Tactical Defence 13 Aug '26","Meia de lado por dentro","6","Agilidade +1",,"comprada:MLE","v6","2026-08-15 13:07:33.782002+00","vaga livre — A COLETAR","105864769941508|Meia de lado por dentro|6"
"105864769941508","105864769941508","Mikel Oyarzabal","81","CA","Tactical Defence 13 Aug '26","Meia ofensivo armador","6","Passe +1",,"comprada:MO","v6","2026-08-15 13:07:33.782002+00","vaga livre — A COLETAR","105864769941508|Meia ofensivo armador|6"
"105864769941508","105864769941508","Mikel Oyarzabal","81","CA","Tactical Defence 13 Aug '26","Ponta finalizadora","6","Agilidade +1",,"comprada:PE","v6","2026-08-15 13:07:33.782002+00","vaga livre — A COLETAR","105864769941508|Ponta finalizadora|6"
"105864769945293","105864769945293","Juan Foyth","79","LD","Tactical Defence 13 Aug '26","Lateral defensivo","6","Defesa +1",,"nativa","v6","2026-08-15 13:07:34.300936+00","vaga livre — A COLETAR","105864769945293|Lateral defensivo|6"
"105864769945293","105864769945293","Juan Foyth","79","LD","Tactical Defence 13 Aug '26","Lateral ofensivo","6","Agilidade +1",,"nativa","v6","2026-08-15 13:07:34.300936+00","vaga livre — A COLETAR","105864769945293|Lateral ofensivo|6"
"105864769945293","105864769945293","Juan Foyth","79","LD","Tactical Defence 13 Aug '26","Meia de lado por dentro","6","Agilidade +1",,"comprada:MLD","v6","2026-08-15 13:07:34.300936+00","vaga livre — A COLETAR","105864769945293|Meia de lado por dentro|6"
"105864769945293","105864769945293","Juan Foyth","79","LD","Tactical Defence 13 Aug '26","Zagueiro de saída","6","Bloqueio Aéreo +1",,"comprada:ZC","v6","2026-08-15 13:07:34.300936+00","vaga livre — A COLETAR","105864769945293|Zagueiro de saída|6"
"105864769947959","105864769947959","Vinicius Junior","84","PE","Tactical Defence 13 Aug '26","Centroavante móvel","6","Instinto Artilheiro +3 + Instinto Artilheiro +1","linha_6666","comprada:CA","v6","2026-08-17 14:47:50.776568+00","vaga livre — A COLETAR","105864769947959|Centroavante móvel|6"
"105864769947959","105864769947959","Vinicius Junior","84","PE","Tactical Defence 13 Aug '26","Meia de lado por fora","6","Cruzamento +3 + Cruzamento +1","linha_6671","comprada:MLE","v6","2026-08-17 14:47:51.590041+00","vaga livre — A COLETAR","105864769947959|Meia de lado por fora|6"
"105864769947959","105864769947959","Vinicius Junior","84","PE","Tactical Defence 13 Aug '26","Meia ofensivo armador","6","Passe +3 + Passe +1","linha_6667","comprada:SA","v6","2026-08-17 14:47:50.93451+00","vaga livre — A COLETAR","105864769947959|Meia ofensivo armador|6"
"105864769947959","105864769947959","Vinicius Junior","84","PE","Tactical Defence 13 Aug '26","Ponta criadora","6","Cruzamento +1",,"nativa","v6","2026-08-15 13:07:32.567967+00","vaga livre — A COLETAR","105864769947959|Ponta criadora|6"
"105864769947959","105864769947959","Vinicius Junior","84","PE","Tactical Defence 13 Aug '26","Ponta finalizadora","6","Agilidade +3 + Agilidade +1","linha_6670","nativa","v6","2026-08-17 14:47:51.433883+00","vaga livre — A COLETAR","105864769947959|Ponta finalizadora|6"
"105864769948954","105864769948954","Ollie Watkins","82","CA","Tactical Defence 13 Aug '26","Centroavante fixo","6","Disputa Aérea +1",,"nativa","v6","2026-08-15 13:07:33.219759+00","vaga livre — A COLETAR","105864769948954|Centroavante fixo|6"
"105864769948954","105864769948954","Ollie Watkins","82","CA","Tactical Defence 13 Aug '26","Centroavante móvel","6","Instinto Artilheiro +1",,"nativa","v6","2026-08-15 13:07:33.219759+00","vaga livre — A COLETAR","105864769948954|Centroavante móvel|6"
"105864769948954","105864769948954","Ollie Watkins","82","CA","Tactical Defence 13 Aug '26","Falso nove","6","Criador de Jogadas +1",,"nativa","v6","2026-08-15 13:07:33.219759+00","vaga livre — A COLETAR","105864769948954|Falso nove|6"
"105864769948954","105864769948954","Ollie Watkins","82","CA","Tactical Defence 13 Aug '26","Meia de lado por dentro","6","Técnica +1",,"comprada:MLE","v6","2026-08-15 13:07:33.219759+00","vaga livre — A COLETAR","105864769948954|Meia de lado por dentro|6"
"105864769948954","105864769948954","Ollie Watkins","82","CA","Tactical Defence 13 Aug '26","Ponta finalizadora","6","Agilidade +1",,"comprada:PE","v6","2026-08-15 13:07:33.219759+00","vaga livre — A COLETAR","105864769948954|Ponta finalizadora|6"
"105864769951152","105864769951152","Daniel Munoz","80","MLD","Tactical Defence 13 Aug '26","Lateral ofensivo","6","Agilidade +1",,"comprada:LD","v6","2026-08-15 00:57:38.046198+00","vaga livre — A COLETAR","105864769951152|Lateral ofensivo|6"
"105864769951152","105864769951152","Daniel Munoz","80","MLD","Tactical Defence 13 Aug '26","Meia de lado por dentro","6","Técnica +1",,"nativa","v6","2026-08-15 00:57:38.046198+00","vaga livre — A COLETAR","105864769951152|Meia de lado por dentro|6"
"105864769951152","105864769951152","Daniel Munoz","80","MLD","Tactical Defence 13 Aug '26","Meia de lado por fora","6","Técnica +1",,"nativa","v6","2026-08-15 00:57:38.046198+00","vaga livre — A COLETAR","105864769951152|Meia de lado por fora|6"
"105864769951152","105864769951152","Daniel Munoz","80","MLD","Tactical Defence 13 Aug '26","Ponta finalizadora","6","Condução Técnica +1",,"comprada:PD","v6","2026-08-15 00:57:38.046198+00","vaga livre — A COLETAR","105864769951152|Ponta finalizadora|6"
"105864769951152","105864769951152","Daniel Munoz","80","MLD","Tactical Defence 13 Aug '26","Zagueiro de saída","6","Bloqueio Aéreo +1",,"comprada:ZC","v6","2026-08-15 00:57:38.046198+00","vaga livre — A COLETAR","105864769951152|Zagueiro de saída|6"
"105864769962198","105864769962198","Marc Guehi","82","ZC","Tactical Defence 13 Aug '26","Zagueiro de combate","6","Duelo (Divididas) +1",,"nativa","v6","2026-08-15 13:07:33.219759+00","vaga livre — A COLETAR","105864769962198|Zagueiro de combate|6"
"105864769962198","105864769962198","Marc Guehi","82","ZC","Tactical Defence 13 Aug '26","Zagueiro de saída","6","Bloqueio Aéreo +1",,"nativa","v6","2026-08-15 13:07:33.219759+00","vaga livre — A COLETAR","105864769962198|Zagueiro de saída|6"
"105865038306663","105865038306663","Jordan Henderson","81","VOL","Leo Messi Edition 2027","Meia central armador","6","Técnica +1",,"comprada:MC","v6","2026-08-15 13:07:33.487223+00","vaga livre — A COLETAR","105865038306663|Meia central armador|6"
"105865038306663","105865038306663","Jordan Henderson","81","VOL","Leo Messi Edition 2027","Meia ofensivo armador","6","Técnica +1",,"comprada:MO","v6","2026-08-15 13:07:33.782002+00","vaga livre — A COLETAR","105865038306663|Meia ofensivo armador|6"
"105865038306663","105865038306663","Jordan Henderson","81","VOL","Leo Messi Edition 2027","Volante de construção","6","Regista +1",,"nativa","v6","2026-08-15 13:07:33.487223+00","vaga livre — A COLETAR","105865038306663|Volante de construção|6"
"105865038306663","105865038306663","Jordan Henderson","81","VOL","Leo Messi Edition 2027","Volante de contenção","6","Duelo (Divididas) +1",,"nativa","v6","2026-08-15 13:07:33.487223+00","vaga livre — A COLETAR","105865038306663|Volante de contenção|6"
"105865038306663","105865038306663","Jordan Henderson","81","VOL","Leo Messi Edition 2027","Zagueiro de saída","6","Bloqueio Aéreo +1",,"comprada:ZC","v6","2026-08-15 13:07:33.487223+00","vaga livre — A COLETAR","105865038306663|Zagueiro de saída|6"
"105865038307949","105865038307949","James Rodriguez","80","MO","Leo Messi Edition 2027","Centroavante móvel","6","Sem Bola +1",,"comprada:CA","v6","2026-08-15 13:07:34.028328+00","vaga livre — A COLETAR","105865038307949|Centroavante móvel|6"
"105865038307949","105865038307949","James Rodriguez","80","MO","Leo Messi Edition 2027","Meia central armador","6","Técnica +1",,"comprada:MC","v6","2026-08-15 13:07:34.028328+00","vaga livre — A COLETAR","105865038307949|Meia central armador|6"
"105865038307949","105865038307949","James Rodriguez","80","MO","Leo Messi Edition 2027","Meia de lado por dentro","6","Agilidade +1",,"comprada:MLE","v6","2026-08-15 00:57:38.046198+00","vaga livre — A COLETAR","105865038307949|Meia de lado por dentro|6"
"105865038307949","105865038307949","James Rodriguez","80","MO","Leo Messi Edition 2027","Meia ofensivo armador","6","Criador de Jogadas +1",,"nativa","v6","2026-08-15 13:07:34.028328+00","vaga livre — A COLETAR","105865038307949|Meia ofensivo armador|6"
"105865038307949","105865038307949","James Rodriguez","80","MO","Leo Messi Edition 2027","Ponta finalizadora","6","Agilidade +1",,"comprada:PE","v6","2026-08-15 13:07:34.028328+00","vaga livre — A COLETAR","105865038307949|Ponta finalizadora|6"
"105865038307949","105865038307949","James Rodriguez","80","MO","Leo Messi Edition 2027","Segundo atacante","6","Técnica +1",,"nativa","v6","2026-08-15 13:07:34.028328+00","vaga livre — A COLETAR","105865038307949|Segundo atacante|6"
"105865038307964","105865038307964","Nicolas Tagliafico","81","LE","Leo Messi Edition 2027","Lateral defensivo","6","Duelo +1",,"nativa","v6","2026-08-15 13:07:33.487223+00","vaga livre — A COLETAR","105865038307964|Lateral defensivo|6"
"105865038307964","105865038307964","Nicolas Tagliafico","81","LE","Leo Messi Edition 2027","Lateral ofensivo","6","Agilidade +1",,"nativa","v6","2026-08-15 13:07:33.782002+00","vaga livre — A COLETAR","105865038307964|Lateral ofensivo|6"
"105865038307964","105865038307964","Nicolas Tagliafico","81","LE","Leo Messi Edition 2027","Meia de lado por dentro","6","Criador de Jogadas +1",,"comprada:MLE","v6","2026-08-15 13:07:33.782002+00","vaga livre — A COLETAR","105865038307964|Meia de lado por dentro|6"
"105865038307964","105865038307964","Nicolas Tagliafico","81","LE","Leo Messi Edition 2027","Zagueiro de saída","6","Bloqueio Aéreo +1",,"comprada:ZC","v6","2026-08-15 13:07:33.782002+00","vaga livre — A COLETAR","105865038307964|Zagueiro de saída|6"
"105865038308792","105865038308792","Granit Xhaka","82","MC","Leo Messi Edition 2027","Lateral ofensivo","6","Agilidade +1",,"comprada:LE","v6","2026-08-15 13:07:33.219759+00","vaga livre — A COLETAR","105865038308792|Lateral ofensivo|6"
"105865038308792","105865038308792","Granit Xhaka","82","MC","Leo Messi Edition 2027","Meia central armador","6","Técnica +1",,"nativa","v6","2026-08-15 13:07:33.219759+00","vaga livre — A COLETAR","105865038308792|Meia central armador|6"
"105865038308792","105865038308792","Granit Xhaka","82","MC","Leo Messi Edition 2027","Meia central de chegada","6","Técnica +1",,"nativa","v6","2026-08-15 13:07:33.219759+00","vaga livre — A COLETAR","105865038308792|Meia central de chegada|6"
"105865038308792","105865038308792","Granit Xhaka","82","MC","Leo Messi Edition 2027","Meia ofensivo armador","6","Passe +1",,"comprada:MO","v6","2026-08-15 13:07:33.219759+00","vaga livre — A COLETAR","105865038308792|Meia ofensivo armador|6"
"105865038308792","105865038308792","Granit Xhaka","82","MC","Leo Messi Edition 2027","Volante de construção","6","Duelo (Divididas) +1",,"comprada:VOL","v6","2026-08-15 13:07:33.219759+00","vaga livre — A COLETAR","105865038308792|Volante de construção|6"
"105865038310751","105865038310751","Thibaut Courtois","85","GK","Leo Messi Edition 2027","Goleiro defensivo","6","Qualidade Goleiro +3 + Qualidade Goleiro +1","linha_6663","nativa","v6","2026-08-17 14:47:50.296244+00","vaga livre — A COLETAR","105865038310751|Goleiro defensivo|6"
"105865038310751","105865038310751","Thibaut Courtois","85","GK","Leo Messi Edition 2027","Goleiro ofensivo","6","Qualidade Goleiro +3 + Defesaça +1","linha_6664","nativa","v6","2026-08-17 14:47:50.458181+00","vaga livre — A COLETAR","105865038310751|Goleiro ofensivo|6"
"105865038312124","105865038312124","Gustavo Gomez","81","ZC","Leo Messi Edition 2027","Lateral ofensivo","6","Cruzamento +1",,"comprada:LD","v6","2026-08-15 13:07:33.782002+00","vaga livre — A COLETAR","105865038312124|Lateral ofensivo|6"
"105865038312124","105865038312124","Gustavo Gomez","81","ZC","Leo Messi Edition 2027","Zagueiro de combate","6","Duelo (Divididas) +1",,"nativa","v6","2026-08-15 13:07:33.782002+00","vaga livre — A COLETAR","105865038312124|Zagueiro de combate|6"
"105865038312124","105865038312124","Gustavo Gomez","81","ZC","Leo Messi Edition 2027","Zagueiro de saída","6","Duelo +1",,"nativa","v6","2026-08-15 13:07:33.782002+00","vaga livre — A COLETAR","105865038312124|Zagueiro de saída|6"
"105865038313234","105865038313234","Marten de Roon","81","VOL","Leo Messi Edition 2027","Meia central armador","6","Técnica +1",,"comprada:MC","v6","2026-08-15 13:07:33.782002+00","vaga livre — A COLETAR","105865038313234|Meia central armador|6"
"105865038313234","105865038313234","Marten de Roon","81","VOL","Leo Messi Edition 2027","Volante de construção","6","Regista +1",,"nativa","v6","2026-08-15 13:07:33.782002+00","vaga livre — A COLETAR","105865038313234|Volante de construção|6"
"105865038313234","105865038313234","Marten de Roon","81","VOL","Leo Messi Edition 2027","Volante de contenção","6","Duelo (Divididas) +1",,"nativa","v6","2026-08-15 13:07:33.782002+00","vaga livre — A COLETAR","105865038313234|Volante de contenção|6"
"105865038313234","105865038313234","Marten de Roon","81","VOL","Leo Messi Edition 2027","Zagueiro de saída","6","Duelo +1",,"comprada:ZC","v6","2026-08-15 13:07:33.782002+00","vaga livre — A COLETAR","105865038313234|Zagueiro de saída|6"
"105865038367702","105865038367702","N Golo Kante","82","VOL","Leo Messi Edition 2027","Meia central de chegada","6","Técnica +1",,"comprada:MC","v6","2026-08-15 13:07:33.219759+00","vaga livre — A COLETAR","105865038367702|Meia central de chegada|6"
"105865038367702","105865038367702","N Golo Kante","82","VOL","Leo Messi Edition 2027","Volante de construção","6","Precisão +1",,"nativa","v6","2026-08-15 13:07:33.219759+00","vaga livre — A COLETAR","105865038367702|Volante de construção|6"
"105865038367702","105865038367702","N Golo Kante","82","VOL","Leo Messi Edition 2027","Volante de contenção","6","Duelo (Divididas) +1",,"nativa","v6","2026-08-15 13:07:33.219759+00","vaga livre — A COLETAR","105865038367702|Volante de contenção|6"
"105865038376671","105865038376671","Ante Budimir","81","CA","Leo Messi Edition 2027","Centroavante fixo","6","Instinto Artilheiro +1",,"nativa","v6","2026-08-15 13:07:33.782002+00","vaga livre — A COLETAR","105865038376671|Centroavante fixo|6"
"105865038376671","105865038376671","Ante Budimir","81","CA","Leo Messi Edition 2027","Centroavante móvel","6","Sem Bola +1",,"nativa","v6","2026-08-15 13:07:33.782002+00","vaga livre — A COLETAR","105865038376671|Centroavante móvel|6"
"105865038376671","105865038376671","Ante Budimir","81","CA","Leo Messi Edition 2027","Falso nove","6","Instinto Artilheiro +1",,"nativa","v6","2026-08-15 13:07:33.782002+00","vaga livre — A COLETAR","105865038376671|Falso nove|6"
"105865038392713","105865038392713","Vladimir Coufal","80","LD","Leo Messi Edition 2027","Lateral defensivo","6","Duelo (Divididas) +1",,"nativa","v6","2026-08-15 13:07:34.028328+00","vaga livre — A COLETAR","105865038392713|Lateral defensivo|6"
"105865038392713","105865038392713","Vladimir Coufal","80","LD","Leo Messi Edition 2027","Lateral ofensivo","6","Agilidade +1",,"nativa","v6","2026-08-15 00:57:38.046198+00","vaga livre — A COLETAR","105865038392713|Lateral ofensivo|6"
"105865038392713","105865038392713","Vladimir Coufal","80","LD","Leo Messi Edition 2027","Meia de lado por dentro","6","Agilidade +1",,"comprada:MLD","v6","2026-08-15 00:57:38.046198+00","vaga livre — A COLETAR","105865038392713|Meia de lado por dentro|6"
"105865306838492","105865306838492","Bart Verbruggen","82","GK","Lamine Yamal Edition 2027","Goleiro defensivo","6","Qualidade Goleiro +1",,"nativa","v6","2026-08-15 13:07:32.953866+00","vaga livre — A COLETAR","105865306838492|Goleiro defensivo|6"
"105865306838492","105865306838492","Bart Verbruggen","82","GK","Lamine Yamal Edition 2027","Goleiro ofensivo","6","Qualidade Goleiro +1",,"nativa","v6","2026-08-15 13:07:32.953866+00","vaga livre — A COLETAR","105865306838492|Goleiro ofensivo|6"
"105865306842764","105865306842764","Malo Gusto","81","LD","Lamine Yamal Edition 2027","Lateral defensivo","6","Defesa +1",,"nativa","v6","2026-08-15 13:07:33.487223+00","vaga livre — A COLETAR","105865306842764|Lateral defensivo|6"
"105865306842764","105865306842764","Malo Gusto","81","LD","Lamine Yamal Edition 2027","Lateral ofensivo","6","Agilidade +1",,"nativa","v6","2026-08-15 13:07:33.487223+00","vaga livre — A COLETAR","105865306842764|Lateral ofensivo|6"
"105865306842764","105865306842764","Malo Gusto","81","LD","Lamine Yamal Edition 2027","Meia de lado por dentro","6","Condução Técnica +1",,"comprada:MLD","v6","2026-08-15 13:07:33.487223+00","vaga livre — A COLETAR","105865306842764|Meia de lado por dentro|6"
"105865306845091","105865306845091","Andreas Schjelderup","81","PE","Lamine Yamal Edition 2027","Centroavante móvel","6","Instinto Artilheiro +1",,"comprada:CA","v6","2026-08-15 13:07:33.487223+00","vaga livre — A COLETAR","105865306845091|Centroavante móvel|6"
"105865306845091","105865306845091","Andreas Schjelderup","81","PE","Lamine Yamal Edition 2027","Meia central armador","6","Passe +1",,"comprada:MC","v6","2026-08-15 13:07:33.487223+00","vaga livre — A COLETAR","105865306845091|Meia central armador|6"
"105865306845091","105865306845091","Andreas Schjelderup","81","PE","Lamine Yamal Edition 2027","Meia de lado por dentro","6","Agilidade +1",,"comprada:MLE","v6","2026-08-15 13:07:33.487223+00","vaga livre — A COLETAR","105865306845091|Meia de lado por dentro|6"
"105865306845091","105865306845091","Andreas Schjelderup","81","PE","Lamine Yamal Edition 2027","Meia ofensivo armador","6","Passe +1",,"comprada:MO","v6","2026-08-15 13:07:33.487223+00","vaga livre — A COLETAR","105865306845091|Meia ofensivo armador|6"
"105865306845091","105865306845091","Andreas Schjelderup","81","PE","Lamine Yamal Edition 2027","Ponta criadora","6","Agilidade +1",,"nativa","v6","2026-08-15 13:07:33.487223+00","vaga livre — A COLETAR","105865306845091|Ponta criadora|6"
"105865306845091","105865306845091","Andreas Schjelderup","81","PE","Lamine Yamal Edition 2027","Ponta finalizadora","6","Agilidade +1",,"nativa","v6","2026-08-15 13:07:33.487223+00","vaga livre — A COLETAR","105865306845091|Ponta finalizadora|6"
"105865306845091","105865306845091","Andreas Schjelderup","81","PE","Lamine Yamal Edition 2027","Volante de contenção","6","Agilidade +1",,"comprada:VOL","v6","2026-08-15 13:07:34.028328+00","vaga livre — A COLETAR","105865306845091|Volante de contenção|6"
"105865306855034","105865306855034","Renato Veiga","81","ZC","Lamine Yamal Edition 2027","Lateral ofensivo","6","Cruzamento +1",,"comprada:LE","v6","2026-08-15 13:07:33.487223+00","vaga livre — A COLETAR","105865306855034|Lateral ofensivo|6"
"105865306855034","105865306855034","Renato Veiga","81","ZC","Lamine Yamal Edition 2027","Meia central armador","6","Técnica +1",,"comprada:MC","v6","2026-08-15 13:07:33.487223+00","vaga livre — A COLETAR","105865306855034|Meia central armador|6"
"105865306855034","105865306855034","Renato Veiga","81","ZC","Lamine Yamal Edition 2027","Volante de contenção","6","Duelo (Divididas) +1",,"comprada:VOL","v6","2026-08-15 13:07:33.487223+00","vaga livre — A COLETAR","105865306855034|Volante de contenção|6"
"105865306855034","105865306855034","Renato Veiga","81","ZC","Lamine Yamal Edition 2027","Zagueiro de combate","6","Duelo +1",,"nativa","v6","2026-08-15 13:07:33.487223+00","vaga livre — A COLETAR","105865306855034|Zagueiro de combate|6"
"105865306855034","105865306855034","Renato Veiga","81","ZC","Lamine Yamal Edition 2027","Zagueiro de saída","6","Bloqueio Aéreo +1",,"nativa","v6","2026-08-15 13:07:33.487223+00","vaga livre — A COLETAR","105865306855034|Zagueiro de saída|6"
"105865306857038","105865306857038","Nico Paz","83","MO","Lamine Yamal Edition 2027","Centroavante móvel","6","Instinto Artilheiro +1",,"comprada:CA","v6","2026-08-15 13:07:32.567967+00","vaga livre — A COLETAR","105865306857038|Centroavante móvel|6"
"105865306857038","105865306857038","Nico Paz","83","MO","Lamine Yamal Edition 2027","Meia central de chegada","6","Agilidade +1",,"comprada:MC","v6","2026-08-15 13:07:32.567967+00","vaga livre — A COLETAR","105865306857038|Meia central de chegada|6"
"105865306857038","105865306857038","Nico Paz","83","MO","Lamine Yamal Edition 2027","Meia de lado por dentro","6","Condução Técnica +1",,"comprada:MLE","v6","2026-08-15 13:07:32.567967+00","vaga livre — A COLETAR","105865306857038|Meia de lado por dentro|6"
"105865306857038","105865306857038","Nico Paz","83","MO","Lamine Yamal Edition 2027","Meia ofensivo armador","6","Criador de Jogadas +1",,"nativa","v6","2026-08-15 13:07:32.567967+00","vaga livre — A COLETAR","105865306857038|Meia ofensivo armador|6"
"105865306857038","105865306857038","Nico Paz","83","MO","Lamine Yamal Edition 2027","Segundo atacante","6","Técnica +1",,"nativa","v6","2026-08-15 13:07:32.567967+00","vaga livre — A COLETAR","105865306857038|Segundo atacante|6"
"105865306857038","105865306857038","Nico Paz","83","MO","Lamine Yamal Edition 2027","Volante de contenção","6","Motor do Time +1",,"comprada:VOL","v6","2026-08-15 13:07:32.567967+00","vaga livre — A COLETAR","105865306857038|Volante de contenção|6"
"105865306863987","105865306863987","Aleksandar Pavlovic","83","VOL","Lamine Yamal Edition 2027","Meia central armador","6","Passe +1",,"comprada:MC","v6","2026-08-15 13:07:32.567967+00","vaga livre — A COLETAR","105865306863987|Meia central armador|6"
"105865306863987","105865306863987","Aleksandar Pavlovic","83","VOL","Lamine Yamal Edition 2027","Volante de construção","6","Precisão +1",,"nativa","v6","2026-08-15 13:07:32.567967+00","vaga livre — A COLETAR","105865306863987|Volante de construção|6"
"105865306863987","105865306863987","Aleksandar Pavlovic","83","VOL","Lamine Yamal Edition 2027","Volante de contenção","6","Duelo (Divididas) +1",,"nativa","v6","2026-08-15 13:07:32.567967+00","vaga livre — A COLETAR","105865306863987|Volante de contenção|6"
"105865306863987","105865306863987","Aleksandar Pavlovic","83","VOL","Lamine Yamal Edition 2027","Zagueiro de saída","6","Duelo +1",,"comprada:ZC","v6","2026-08-15 13:07:32.567967+00","vaga livre — A COLETAR","105865306863987|Zagueiro de saída|6"
"105865306864830","105865306864830","Nico O Reilly","82","LE","Lamine Yamal Edition 2027","Lateral defensivo","6","Duelo (Divididas) +1",,"nativa","v6","2026-08-15 13:07:33.219759+00","vaga livre — A COLETAR","105865306864830|Lateral defensivo|6"
"105865306864830","105865306864830","Nico O Reilly","82","LE","Lamine Yamal Edition 2027","Lateral ofensivo","6","Agilidade +1",,"nativa","v6","2026-08-15 13:07:33.219759+00","vaga livre — A COLETAR","105865306864830|Lateral ofensivo|6"
"105865306864830","105865306864830","Nico O Reilly","82","LE","Lamine Yamal Edition 2027","Meia central armador","6","Passe +1",,"comprada:MC","v6","2026-08-15 13:07:33.219759+00","vaga livre — A COLETAR","105865306864830|Meia central armador|6"
"105865306864830","105865306864830","Nico O Reilly","82","LE","Lamine Yamal Edition 2027","Meia de lado por dentro","6","Condução Técnica +1",,"comprada:MLE","v6","2026-08-15 13:07:33.219759+00","vaga livre — A COLETAR","105865306864830|Meia de lado por dentro|6"
"105865306864830","105865306864830","Nico O Reilly","82","LE","Lamine Yamal Edition 2027","Meia ofensivo armador","6","Criador de Jogadas +1",,"comprada:MO","v6","2026-08-15 13:07:33.219759+00","vaga livre — A COLETAR","105865306864830|Meia ofensivo armador|6"
"105865306866884","105865306866884","Pio Esposito","81","CA","Lamine Yamal Edition 2027","Centroavante fixo","6","Disputa Aérea +1",,"nativa","v6","2026-08-15 13:07:33.487223+00","vaga livre — A COLETAR","105865306866884|Centroavante fixo|6"
"105865306866884","105865306866884","Pio Esposito","81","CA","Lamine Yamal Edition 2027","Centroavante móvel","6","Instinto Artilheiro +1",,"nativa","v6","2026-08-15 13:07:33.487223+00","vaga livre — A COLETAR","105865306866884|Centroavante móvel|6"
"105865306866884","105865306866884","Pio Esposito","81","CA","Lamine Yamal Edition 2027","Falso nove","6","Precisão +1",,"nativa","v6","2026-08-15 13:07:33.487223+00","vaga livre — A COLETAR","105865306866884|Falso nove|6"
"105865306866884","105865306866884","Pio Esposito","81","CA","Lamine Yamal Edition 2027","Ponta finalizadora","6","Técnica +1",,"comprada:PE","v6","2026-08-15 13:07:33.487223+00","vaga livre — A COLETAR","105865306866884|Ponta finalizadora|6"
"105865306872202","105865306872202","Lucas Bergvall","82","MC","Lamine Yamal Edition 2027","Meia central armador","6","Técnica +1",,"nativa","v6","2026-08-15 13:07:33.219759+00","vaga livre — A COLETAR","105865306872202|Meia central armador|6"
"105865306872202","105865306872202","Lucas Bergvall","82","MC","Lamine Yamal Edition 2027","Meia central de chegada","6","Técnica +1",,"nativa","v6","2026-08-15 13:07:33.219759+00","vaga livre — A COLETAR","105865306872202|Meia central de chegada|6"
"105865306872202","105865306872202","Lucas Bergvall","82","MC","Lamine Yamal Edition 2027","Meia ofensivo armador","6","Criador de Jogadas +1",,"comprada:MO","v6","2026-08-15 13:07:33.219759+00","vaga livre — A COLETAR","105865306872202|Meia ofensivo armador|6"
"105865306872202","105865306872202","Lucas Bergvall","82","MC","Lamine Yamal Edition 2027","Volante de construção","6","Reconstrução +1",,"comprada:VOL","v6","2026-08-15 13:07:33.219759+00","vaga livre — A COLETAR","105865306872202|Volante de construção|6"
"105865306872490","105865306872490","Luka Vuskovic","82","ZC","Lamine Yamal Edition 2027","Zagueiro de combate","6","Duelo (Divididas) +1",,"nativa","v6","2026-08-15 13:07:33.219759+00","vaga livre — A COLETAR","105865306872490|Zagueiro de combate|6"
"105865306872490","105865306872490","Luka Vuskovic","82","ZC","Lamine Yamal Edition 2027","Zagueiro de saída","6","Duelo (Divididas) +1",,"nativa","v6","2026-08-15 13:07:33.219759+00","vaga livre — A COLETAR","105865306872490|Zagueiro de saída|6"
"105865575254367","105865575254367","Pedro Neto","82","PD","Manager Pack 13 Aug '26","Centroavante móvel","6","Instinto Artilheiro +1",,"comprada:CA","v6","2026-08-15 13:07:33.487223+00","vaga livre — A COLETAR","105865575254367|Centroavante móvel|6"
"105865575254367","105865575254367","Pedro Neto","82","PD","Manager Pack 13 Aug '26","Meia de lado por dentro","6","Agilidade +1",,"comprada:MLE","v6","2026-08-15 13:07:33.487223+00","vaga livre — A COLETAR","105865575254367|Meia de lado por dentro|6"
"105865575254367","105865575254367","Pedro Neto","82","PD","Manager Pack 13 Aug '26","Meia ofensivo armador","6","Criador de Jogadas +1",,"comprada:MO","v6","2026-08-15 13:07:33.487223+00","vaga livre — A COLETAR","105865575254367|Meia ofensivo armador|6"
"105865575254367","105865575254367","Pedro Neto","82","PD","Manager Pack 13 Aug '26","Ponta criadora","6","Agilidade +1",,"nativa","v6","2026-08-15 13:07:33.487223+00","vaga livre — A COLETAR","105865575254367|Ponta criadora|6"
"105865575254367","105865575254367","Pedro Neto","82","PD","Manager Pack 13 Aug '26","Ponta finalizadora","6","Agilidade +1",,"nativa","v6","2026-08-15 13:07:33.487223+00","vaga livre — A COLETAR","105865575254367|Ponta finalizadora|6"
"105865575300328","105865575300328","Marc Guiu","81","CA","Manager Pack 13 Aug '26","Centroavante fixo","6","Chute +1",,"nativa","v6","2026-08-15 13:07:34.028328+00","vaga livre — A COLETAR","105865575300328|Centroavante fixo|6"
"105865575300328","105865575300328","Marc Guiu","81","CA","Manager Pack 13 Aug '26","Centroavante móvel","6","Instinto Artilheiro +1",,"nativa","v6","2026-08-15 13:07:34.028328+00","vaga livre — A COLETAR","105865575300328|Centroavante móvel|6"
"105865575300328","105865575300328","Marc Guiu","81","CA","Manager Pack 13 Aug '26","Falso nove","6","Precisão +1",,"nativa","v6","2026-08-15 13:07:34.028328+00","vaga livre — A COLETAR","105865575300328|Falso nove|6"
"105865843676422","105865843676422","Nicolo Barella","83","MC","Starter Set 2027","Meia central armador","6","Condução Técnica +1",,"nativa","v6","2026-08-15 13:07:32.953866+00","vaga livre — A COLETAR","105865843676422|Meia central armador|6"
"105865843676422","105865843676422","Nicolo Barella","83","MC","Starter Set 2027","Meia central de chegada","6","Técnica +1",,"nativa","v6","2026-08-15 13:07:32.953866+00","vaga livre — A COLETAR","105865843676422|Meia central de chegada|6"
"105865843676422","105865843676422","Nicolo Barella","83","MC","Starter Set 2027","Meia de lado por fora","6","Técnica +1",,"comprada:MLE","v6","2026-08-15 13:07:32.953866+00","vaga livre — A COLETAR","105865843676422|Meia de lado por fora|6"
"105865843676422","105865843676422","Nicolo Barella","83","MC","Starter Set 2027","Meia ofensivo armador","6","Cruzamento +1",,"comprada:MO","v6","2026-08-15 13:07:32.953866+00","vaga livre — A COLETAR","105865843676422|Meia ofensivo armador|6"
"105865843676422","105865843676422","Nicolo Barella","83","MC","Starter Set 2027","Volante de construção","6","Agilidade +1",,"comprada:VOL","v6","2026-08-15 13:07:32.953866+00","vaga livre — A COLETAR","105865843676422|Volante de construção|6"
"105865843702105","105865843702105","Michael Olise","83","MO","Starter Set 2027","Meia central armador","6","Condução Técnica +1",,"comprada:MC","v6","2026-08-15 13:07:32.953866+00","vaga livre — A COLETAR","105865843702105|Meia central armador|6"
"105865843702105","105865843702105","Michael Olise","83","MO","Starter Set 2027","Meia de lado por dentro","6","Física +1",,"comprada:MLD","v6","2026-08-15 13:07:32.953866+00","vaga livre — A COLETAR","105865843702105|Meia de lado por dentro|6"
"105865843702105","105865843702105","Michael Olise","83","MO","Starter Set 2027","Meia ofensivo armador","6","Cruzamento +1",,"nativa","v6","2026-08-15 13:07:32.953866+00","vaga livre — A COLETAR","105865843702105|Meia ofensivo armador|6"
"105865843702105","105865843702105","Michael Olise","83","MO","Starter Set 2027","Ponta criadora","6","Agilidade +1",,"comprada:PD","v6","2026-08-15 13:07:32.953866+00","vaga livre — A COLETAR","105865843702105|Ponta criadora|6"
"105865843702105","105865843702105","Michael Olise","83","MO","Starter Set 2027","Segundo atacante","6","Condução Técnica +1",,"nativa","v6","2026-08-15 13:07:32.953866+00","vaga livre — A COLETAR","105865843702105|Segundo atacante|6"
"105865843704022","105865843704022","Marc Guehi","84","ZC","Starter Set 2027","Zagueiro de combate","6","Contra-ataque +3 + Contra-ataque +1","linha_6668","nativa","v6","2026-08-17 14:47:51.088869+00","vaga livre — A COLETAR","105865843704022|Zagueiro de combate|6"
"105865843704022","105865843704022","Marc Guehi","84","ZC","Starter Set 2027","Zagueiro de saída","6","Contra-ataque +3 + Força +1","linha_6669","nativa","v6","2026-08-17 14:47:51.257282+00","vaga livre — A COLETAR","105865843704022|Zagueiro de saída|6"
"105866112053032","105866112053032","Virgil van Dijk","95","ZC","Welcome Login Bonus 2027","Zagueiro de combate","6","Duelo +3 + Duelo +1","linha_6613","nativa","v6","2026-08-17 14:47:42.047116+00","vaga livre — A COLETAR","105866112053032|Zagueiro de combate|6"
"105866112053032","105866112053032","Virgil van Dijk","95","ZC","Welcome Login Bonus 2027","Zagueiro de saída","6","Reconstrução +3 + Defesa (Roubo) +1","linha_6614","nativa","v6","2026-08-17 14:47:42.225585+00","vaga livre — A COLETAR","105866112053032|Zagueiro de saída|6"
"105866112118910","105866112118910","Kylian Mbappe","96","CA","Welcome Login Bonus 2027","Centroavante fixo","6","Chute +3 + Chute +1","linha_6601","nativa","v6","2026-08-17 14:47:39.914797+00","vaga livre — A COLETAR","105866112118910|Centroavante fixo|6"
"105866112118910","105866112118910","Kylian Mbappe","96","CA","Welcome Login Bonus 2027","Centroavante móvel","6","Instinto Artilheiro +3 + Sem Bola +1","linha_6598","nativa","v6","2026-08-17 14:47:39.396683+00","vaga livre — A COLETAR","105866112118910|Centroavante móvel|6"
"105866112118910","105866112118910","Kylian Mbappe","96","CA","Welcome Login Bonus 2027","Falso nove","6","Instinto Artilheiro +3 + Chute +1","linha_6600","nativa","v6","2026-08-17 14:47:39.739174+00","vaga livre — A COLETAR","105866112118910|Falso nove|6"
"105866112118910","105866112118910","Kylian Mbappe","96","CA","Welcome Login Bonus 2027","Meia de lado por dentro","6","Condução Técnica +3 + Técnica +1","linha_6599","comprada:MLE","v6","2026-08-17 14:47:39.56608+00","vaga livre — A COLETAR","105866112118910|Meia de lado por dentro|6"
"105866112118910","105866112118910","Kylian Mbappe","96","CA","Welcome Login Bonus 2027","Meia ofensivo armador","6","Física +3 + Física +1","linha_6602","comprada:MO","v6","2026-08-17 14:47:40.09663+00","vaga livre — A COLETAR","105866112118910|Meia ofensivo armador|6"
"105866112118910","105866112118910","Kylian Mbappe","96","CA","Welcome Login Bonus 2027","Ponta finalizadora","6","Condução Técnica +3 + Técnica +1","linha_6603","comprada:PE","v6","2026-08-17 14:47:40.254755+00","vaga livre — A COLETAR","105866112118910|Ponta finalizadora|6"
"105866112143259","105866112143259","Vitinha","96","MC","Welcome Login Bonus 2027","Meia central armador","6","Passe +3 + Passe +1","linha_6604","nativa","v6","2026-08-17 14:47:40.44114+00","vaga livre — A COLETAR","105866112143259|Meia central armador|6"
"105866112143259","105866112143259","Vitinha","96","MC","Welcome Login Bonus 2027","Meia central de chegada","6","Criador de Jogadas +3 + Cruzamento +1","linha_6607","nativa","v6","2026-08-17 14:47:40.926354+00","vaga livre — A COLETAR","105866112143259|Meia central de chegada|6"
"105866112143259","105866112143259","Vitinha","96","MC","Welcome Login Bonus 2027","Meia de lado por dentro","6","Agilidade +3 + Agilidade +1","linha_6606","comprada:MLE","v6","2026-08-17 14:47:40.778303+00","vaga livre — A COLETAR","105866112143259|Meia de lado por dentro|6"
"105866112143259","105866112143259","Vitinha","96","MC","Welcome Login Bonus 2027","Meia ofensivo armador","6","Passe +3 + Passe +1","linha_6605","comprada:MO","v6","2026-08-17 14:47:40.608416+00","vaga livre — A COLETAR","105866112143259|Meia ofensivo armador|6"
"105866112143259","105866112143259","Vitinha","96","MC","Welcome Login Bonus 2027","Volante de construção","6","Reconstrução +3 + Reconstrução +1","linha_6608","comprada:VOL","v6","2026-08-17 14:47:41.089151+00","vaga livre — A COLETAR","105866112143259|Volante de construção|6"
"105866380552607","105866380552607","Declan Rice","96","MC","Skill Up 2027","Lateral ofensivo","6","Agilidade +3 + Agilidade +1","linha_6611","comprada:LD","v6","2026-08-17 14:47:41.566741+00","vaga livre — A COLETAR","105866380552607|Lateral ofensivo|6"
"105866380552607","105866380552607","Declan Rice","96","MC","Skill Up 2027","Meia central armador","6","Técnica +3 + Técnica +1","linha_6609","nativa","v6","2026-08-17 14:47:41.247731+00","vaga livre — A COLETAR","105866380552607|Meia central armador|6"
"105866380552607","105866380552607","Declan Rice","96","MC","Skill Up 2027","Meia central de chegada","6","Técnica +3 + Técnica +1","linha_6610","nativa","v6","2026-08-17 14:47:41.408377+00","vaga livre — A COLETAR","105866380552607|Meia central de chegada|6"
"105866380552607","105866380552607","Declan Rice","96","MC","Skill Up 2027","Meia ofensivo armador","6","Técnica +3 + Técnica +1","linha_6612","comprada:MO","v6","2026-08-17 14:47:41.733075+00","vaga livre — A COLETAR","105866380552607|Meia ofensivo armador|6"
"105866380552607","105866380552607","Declan Rice","96","MC","Skill Up 2027","Volante de construção","6","Reconstrução +3 + Precisão +1","linha_6615","comprada:VOL","v6","2026-08-17 14:47:42.412117+00","vaga livre — A COLETAR","105866380552607|Volante de construção|6"
"105866648987766","105866648987766","Frenkie de Jong","83","MC","Step-up 2027","Meia central armador","6","Física +1",,"nativa","v6","2026-08-15 13:07:32.953866+00","vaga livre — A COLETAR","105866648987766|Meia central armador|6"
"105866648987766","105866648987766","Frenkie de Jong","83","MC","Step-up 2027","Meia central de chegada","6","Criador de Jogadas +1",,"nativa","v6","2026-08-15 13:07:33.219759+00","vaga livre — A COLETAR","105866648987766|Meia central de chegada|6"
"105866648987766","105866648987766","Frenkie de Jong","83","MC","Step-up 2027","Meia ofensivo armador","6","Técnica +1",,"comprada:MO","v6","2026-08-15 13:07:33.219759+00","vaga livre — A COLETAR","105866648987766|Meia ofensivo armador|6"
"105866648987766","105866648987766","Frenkie de Jong","83","MC","Step-up 2027","Volante de construção","6","Precisão +1",,"comprada:VOL","v6","2026-08-15 13:07:33.219759+00","vaga livre — A COLETAR","105866648987766|Volante de construção|6"
"105866648987766","105866648987766","Frenkie de Jong","83","MC","Step-up 2027","Zagueiro de saída","6","Duelo +1",,"comprada:ZC","v6","2026-08-15 13:07:32.953866+00","vaga livre — A COLETAR","105866648987766|Zagueiro de saída|6"
"105866649005150","105866649005150","Reece James","82","LD","Step-up 2027","Lateral defensivo","6","Duelo (Divididas) +1",,"nativa","v6","2026-08-15 13:07:33.487223+00","vaga livre — A COLETAR","105866649005150|Lateral defensivo|6"
"105866649005150","105866649005150","Reece James","82","LD","Step-up 2027","Lateral ofensivo","6","Agilidade +1",,"nativa","v6","2026-08-15 13:07:33.487223+00","vaga livre — A COLETAR","105866649005150|Lateral ofensivo|6"
"105866649005150","105866649005150","Reece James","82","LD","Step-up 2027","Meia de lado por dentro","6","Sem Bola +1",,"comprada:MLD","v6","2026-08-15 13:07:33.487223+00","vaga livre — A COLETAR","105866649005150|Meia de lado por dentro|6"
"105866649005150","105866649005150","Reece James","82","LD","Step-up 2027","Volante de contenção","6","Duelo (Divididas) +1",,"comprada:VOL","v6","2026-08-15 13:07:33.487223+00","vaga livre — A COLETAR","105866649005150|Volante de contenção|6"
"105866649005150","105866649005150","Reece James","82","LD","Step-up 2027","Zagueiro de saída","6","Duelo +1",,"comprada:ZC","v6","2026-08-15 13:07:33.487223+00","vaga livre — A COLETAR","105866649005150|Zagueiro de saída|6"
"105866649017104","105866649017104","Jamal Musiala","82","MO","Step-up 2027","Meia central armador","6","Passe +1",,"comprada:MC","v6","2026-08-15 13:07:33.487223+00","vaga livre — A COLETAR","105866649017104|Meia central armador|6"
"105866649017104","105866649017104","Jamal Musiala","82","MO","Step-up 2027","Meia de lado por dentro","6","Agilidade +1",,"comprada:MLE","v6","2026-08-15 13:07:33.487223+00","vaga livre — A COLETAR","105866649017104|Meia de lado por dentro|6"
"105866649017104","105866649017104","Jamal Musiala","82","MO","Step-up 2027","Meia ofensivo armador","6","Passe +1",,"nativa","v6","2026-08-15 13:07:33.487223+00","vaga livre — A COLETAR","105866649017104|Meia ofensivo armador|6"
"105866649017104","105866649017104","Jamal Musiala","82","MO","Step-up 2027","Ponta criadora","6","Agilidade +1",,"comprada:PE","v6","2026-08-15 13:07:33.487223+00","vaga livre — A COLETAR","105866649017104|Ponta criadora|6"
"105866649017104","105866649017104","Jamal Musiala","82","MO","Step-up 2027","Segundo atacante","6","Agilidade +1",,"nativa","v6","2026-08-15 13:07:33.487223+00","vaga livre — A COLETAR","105866649017104|Segundo atacante|6"
"105866649017104","105866649017104","Jamal Musiala","82","MO","Step-up 2027","Volante de contenção","6","Vigor Físico +1",,"comprada:VOL","v6","2026-08-15 13:07:33.487223+00","vaga livre — A COLETAR","105866649017104|Volante de contenção|6"
"105866917361630","105866917361630","Luke Shaw","93","LE","New Season Campaign 2027","Lateral defensivo","6","Reconstrução +3 + Reconstrução +1","linha_6650","nativa","v6","2026-08-17 14:47:48.130533+00","vaga livre — A COLETAR","105866917361630|Lateral defensivo|6"
"105866917361630","105866917361630","Luke Shaw","93","LE","New Season Campaign 2027","Lateral ofensivo","6","Agilidade +3 + Agilidade +1","linha_6653","nativa","v6","2026-08-17 14:47:48.632122+00","vaga livre — A COLETAR","105866917361630|Lateral ofensivo|6"
"105866917361630","105866917361630","Luke Shaw","93","LE","New Season Campaign 2027","Meia de lado por dentro","6","Física +3 + Agilidade +1","linha_6655","comprada:MLE","v6","2026-08-17 14:47:49.048673+00","vaga livre — A COLETAR","105866917361630|Meia de lado por dentro|6"
"105866917361630","105866917361630","Luke Shaw","93","LE","New Season Campaign 2027","Zagueiro de saída","6","Motor do Time +3 + Motor do Time +1","linha_6654","comprada:ZC","v6","2026-08-17 14:47:48.864107+00","vaga livre — A COLETAR","105866917361630|Zagueiro de saída|6"
"105866917432656","105866917432656","Mason Mount","93","MO","New Season Campaign 2027","Meia central de chegada","6","Cruzamento +3 + Técnica +1","linha_6656","comprada:MC","v6","2026-08-17 14:47:49.198988+00","vaga livre — A COLETAR","105866917432656|Meia central de chegada|6"
"105866917432656","105866917432656","Mason Mount","93","MO","New Season Campaign 2027","Meia de lado por dentro","6","Agilidade +3 + Agilidade +1","linha_6657","comprada:MLE","v6","2026-08-17 14:47:49.343119+00","vaga livre — A COLETAR","105866917432656|Meia de lado por dentro|6"
"105866917432656","105866917432656","Mason Mount","93","MO","New Season Campaign 2027","Meia ofensivo armador","6","Passe +3 + Passe +1","linha_6658","nativa","v6","2026-08-17 14:47:49.483274+00","vaga livre — A COLETAR","105866917432656|Meia ofensivo armador|6"
"105866917432656","105866917432656","Mason Mount","93","MO","New Season Campaign 2027","Ponta finalizadora","6","Condução Técnica +3 + Condução Técnica +1","linha_6660","comprada:PE","v6","2026-08-17 14:47:49.807502+00","vaga livre — A COLETAR","105866917432656|Ponta finalizadora|6"
"105866917432656","105866917432656","Mason Mount","93","MO","New Season Campaign 2027","Segundo atacante","6","Fantasia +3 + Técnica +1","linha_6662","nativa","v6","2026-08-17 14:47:50.132292+00","vaga livre — A COLETAR","105866917432656|Segundo atacante|6"
"105866917432656","105866917432656","Mason Mount","93","MO","New Season Campaign 2027","Volante de contenção","6","Agilidade +3 + Agilidade +1","linha_6665","comprada:VOL","v6","2026-08-17 14:47:50.624567+00","vaga livre — A COLETAR","105866917432656|Volante de contenção|6"
"105866917436893","105866917436893","Bryan Mbeumo","95","CA","New Season Campaign 2027","Centroavante fixo","6","Chute +3 + Chute +1","linha_6617","nativa","v6","2026-08-17 14:47:42.740592+00","vaga livre — A COLETAR","105866917436893|Centroavante fixo|6"
"105866917436893","105866917436893","Bryan Mbeumo","95","CA","New Season Campaign 2027","Centroavante móvel","6","Instinto Artilheiro +3 + Instinto Artilheiro +1","linha_6616","nativa","v6","2026-08-17 14:47:42.57013+00","vaga livre — A COLETAR","105866917436893|Centroavante móvel|6"
"105866917436893","105866917436893","Bryan Mbeumo","95","CA","New Season Campaign 2027","Falso nove","6","Precisão +3 + Criador de Jogadas +1","linha_6618","nativa","v6","2026-08-17 14:47:42.920743+00","vaga livre — A COLETAR","105866917436893|Falso nove|6"
"105866917436893","105866917436893","Bryan Mbeumo","95","CA","New Season Campaign 2027","Meia de lado por dentro","6","Técnica +3 + Técnica +1","linha_6619","comprada:MLE","v6","2026-08-17 14:47:43.105398+00","vaga livre — A COLETAR","105866917436893|Meia de lado por dentro|6"
"105866917436893","105866917436893","Bryan Mbeumo","95","CA","New Season Campaign 2027","Meia ofensivo armador","6","Física +3 + Cobrança de Falta +1","linha_6622","comprada:MO","v6","2026-08-17 14:47:43.584212+00","vaga livre — A COLETAR","105866917436893|Meia ofensivo armador|6"
"105866917436893","105866917436893","Bryan Mbeumo","95","CA","New Season Campaign 2027","Ponta finalizadora","6","Condução Técnica +3 + Técnica +1","linha_6620","comprada:PE","v6","2026-08-17 14:47:43.257103+00","vaga livre — A COLETAR","105866917436893|Ponta finalizadora|6"
"105866917449491","105866917449491","Senne Lammens","93","GK","New Season Campaign 2027","Goleiro defensivo","6","Qualidade Goleiro +3 + Qualidade Goleiro +1","linha_6659","nativa","v6","2026-08-17 14:47:49.640005+00","vaga livre — A COLETAR","105866917449491|Goleiro defensivo|6"
"105866917449491","105866917449491","Senne Lammens","93","GK","New Season Campaign 2027","Goleiro ofensivo","6","Defesaça +3 + Qualidade Goleiro +1","linha_6661","nativa","v6","2026-08-17 14:47:49.961721+00","vaga livre — A COLETAR","105866917449491|Goleiro ofensivo|6"
"105866917459000","105866917459000","Benjamin Sesko","94","CA","New Season Campaign 2027","Centroavante fixo","6","Chute +3 + Instinto Artilheiro +1","linha_6636","nativa","v6","2026-08-17 14:47:45.883823+00","vaga livre — A COLETAR","105866917459000|Centroavante fixo|6"
"105866917459000","105866917459000","Benjamin Sesko","94","CA","New Season Campaign 2027","Centroavante móvel","6","Instinto Artilheiro +3 + Agilidade +1","linha_6637","nativa","v6","2026-08-17 14:47:46.039696+00","vaga livre — A COLETAR","105866917459000|Centroavante móvel|6"
"105866917459000","105866917459000","Benjamin Sesko","94","CA","New Season Campaign 2027","Falso nove","6","Instinto Artilheiro +3 + Instinto Artilheiro +1","linha_6639","nativa","v6","2026-08-17 14:47:46.367936+00","vaga livre — A COLETAR","105866917459000|Falso nove|6"
"105866917459000","105866917459000","Benjamin Sesko","94","CA","New Season Campaign 2027","Ponta finalizadora","6","Física +3 + Instinto Artilheiro +1","linha_6638","comprada:PD","v6","2026-08-17 14:47:46.193086+00","vaga livre — A COLETAR","105866917459000|Ponta finalizadora|6"
"105867185797302","105867185797302","Jordan Pickford","81","GK","Daily Bonus 2027","Goleiro defensivo","6","Qualidade Goleiro +1",,"nativa","v6","2026-08-15 13:07:33.782002+00","vaga livre — A COLETAR","105867185797302|Goleiro defensivo|6"
"105867185797302","105867185797302","Jordan Pickford","81","GK","Daily Bonus 2027","Goleiro ofensivo","6","Qualidade Goleiro +1",,"nativa","v6","2026-08-15 13:07:33.782002+00","vaga livre — A COLETAR","105867185797302|Goleiro ofensivo|6"
"105867185851044","105867185851044","Andrew Robertson","81","LE","Daily Bonus 2027","Lateral defensivo","6","Duelo (Divididas) +1",,"nativa","v6","2026-08-15 13:07:33.782002+00","vaga livre — A COLETAR","105867185851044|Lateral defensivo|6"
"105867185851044","105867185851044","Andrew Robertson","81","LE","Daily Bonus 2027","Lateral ofensivo","6","Agilidade +1",,"nativa","v6","2026-08-15 13:07:33.782002+00","vaga livre — A COLETAR","105867185851044|Lateral ofensivo|6"
"105867185851044","105867185851044","Andrew Robertson","81","LE","Daily Bonus 2027","Meia de lado por dentro","6","Agilidade +1",,"comprada:MLE","v6","2026-08-15 13:07:33.782002+00","vaga livre — A COLETAR","105867185851044|Meia de lado por dentro|6"
"105867185858673","105867185858673","Lautaro Martinez","83","CA","Daily Bonus 2027","Centroavante fixo","6","Disputa Aérea +1",,"nativa","v6","2026-08-15 13:07:32.567967+00","vaga livre — A COLETAR","105867185858673|Centroavante fixo|6"
"105867185858673","105867185858673","Lautaro Martinez","83","CA","Daily Bonus 2027","Centroavante móvel","6","Instinto Artilheiro +1",,"nativa","v6","2026-08-15 13:07:32.567967+00","vaga livre — A COLETAR","105867185858673|Centroavante móvel|6"
"105867185858673","105867185858673","Lautaro Martinez","83","CA","Daily Bonus 2027","Falso nove","6","Instinto Artilheiro +1",,"nativa","v6","2026-08-15 13:07:32.567967+00","vaga livre — A COLETAR","105867185858673|Falso nove|6"
"105867454305172","105867454305172","Leandro Trossard","81","PE","Daily Bonus 2027","Centroavante móvel","6","Instinto Artilheiro +1",,"comprada:CA","v6","2026-08-15 13:07:33.782002+00","vaga livre — A COLETAR","105867454305172|Centroavante móvel|6"
"105867454305172","105867454305172","Leandro Trossard","81","PE","Daily Bonus 2027","Meia de lado por dentro","6","Condução Técnica +1",,"comprada:MLE","v6","2026-08-15 13:07:33.782002+00","vaga livre — A COLETAR","105867454305172|Meia de lado por dentro|6"
"105867454305172","105867454305172","Leandro Trossard","81","PE","Daily Bonus 2027","Meia ofensivo armador","6","Passe +1",,"comprada:MO","v6","2026-08-15 13:07:33.782002+00","vaga livre — A COLETAR","105867454305172|Meia ofensivo armador|6"
"105867454305172","105867454305172","Leandro Trossard","81","PE","Daily Bonus 2027","Ponta criadora","6","Condução Técnica +1",,"nativa","v6","2026-08-15 13:07:33.782002+00","vaga livre — A COLETAR","105867454305172|Ponta criadora|6"
"105867454305172","105867454305172","Leandro Trossard","81","PE","Daily Bonus 2027","Ponta finalizadora","6","Agilidade +1",,"nativa","v6","2026-08-15 13:07:33.782002+00","vaga livre — A COLETAR","105867454305172|Ponta finalizadora|6"
"105867454312689","105867454312689","Jan Paul van Hecke","81","ZC","Daily Bonus 2027","Zagueiro de combate","6","Duelo (Divididas) +1",,"nativa","v6","2026-08-15 13:07:33.782002+00","vaga livre — A COLETAR","105867454312689|Zagueiro de combate|6"
"105867454312689","105867454312689","Jan Paul van Hecke","81","ZC","Daily Bonus 2027","Zagueiro de saída","6","Duelo +1",,"nativa","v6","2026-08-15 13:07:33.782002+00","vaga livre — A COLETAR","105867454312689|Zagueiro de saída|6"
"105867454313810","105867454313810","Manu Kone","81","MC","Daily Bonus 2027","Meia central armador","6","Técnica +1",,"nativa","v6","2026-08-15 13:07:33.782002+00","vaga livre — A COLETAR","105867454313810|Meia central armador|6"
"105867454313810","105867454313810","Manu Kone","81","MC","Daily Bonus 2027","Meia central de chegada","6","Técnica +1",,"nativa","v6","2026-08-15 13:07:33.782002+00","vaga livre — A COLETAR","105867454313810|Meia central de chegada|6"
"105867454313810","105867454313810","Manu Kone","81","MC","Daily Bonus 2027","Meia ofensivo armador","6","Criador de Jogadas +1",,"comprada:MO","v6","2026-08-15 13:07:33.782002+00","vaga livre — A COLETAR","105867454313810|Meia ofensivo armador|6"
"105867454313810","105867454313810","Manu Kone","81","MC","Daily Bonus 2027","Volante de construção","6","Reconstrução +1",,"comprada:VOL","v6","2026-08-15 13:07:33.782002+00","vaga livre — A COLETAR","105867454313810|Volante de construção|6"
"105867454344792","105867454344792","Joao Neves","84","MC","Daily Bonus 2027","Meia central armador","6","Passe +1",,"nativa","v6","2026-08-15 13:07:32.567967+00","vaga livre — A COLETAR","105867454344792|Meia central armador|6"
"105867454344792","105867454344792","Joao Neves","84","MC","Daily Bonus 2027","Meia central de chegada","6","Técnica +1",,"nativa","v6","2026-08-15 13:07:32.567967+00","vaga livre — A COLETAR","105867454344792|Meia central de chegada|6"
"105867454344792","105867454344792","Joao Neves","84","MC","Daily Bonus 2027","Meia ofensivo armador","6","Passe +1",,"comprada:MO","v6","2026-08-15 13:07:32.567967+00","vaga livre — A COLETAR","105867454344792|Meia ofensivo armador|6"
"105867454344792","105867454344792","Joao Neves","84","MC","Daily Bonus 2027","Volante de construção","6","Reconstrução +1",,"comprada:VOL","v6","2026-08-15 13:07:32.567967+00","vaga livre — A COLETAR","105867454344792|Volante de construção|6"
"105867773075036","105867773075036","Kim Min-Jae","82","ZC","National Team Selection Korea Republic Jun '26","Zagueiro de combate","6","Duelo (Divididas) +1","linha_4690","nativa","v6","2026-08-17 14:46:41.773383+00","vaga livre — A COLETAR","105867773075036|Zagueiro de combate|6"
"105867773075036","105867773075036","Kim Min-Jae","82","ZC","National Team Selection Korea Republic Jun '26","Zagueiro de saída","6","Duelo (Divididas) +1","linha_4691","nativa","v6","2026-08-17 14:46:41.942636+00","vaga livre — A COLETAR","105867773075036|Zagueiro de saída|6"
"105867773079001","105867773079001","Lee Kang-In","82","MLE","National Team Selection Korea Republic Jun '26","Centroavante móvel","6","Sem Bola +1","linha_11346","comprada:CA","v6","2026-08-15 23:19:07.463964+00","vaga livre — A COLETAR","105867773079001|Centroavante móvel|6"
"105867773079001","105867773079001","Lee Kang-In","82","MLE","National Team Selection Korea Republic Jun '26","Meia central armador","6","Passe +1","linha_4694","comprada:MC","v6","2026-08-17 14:46:42.470158+00","vaga livre — A COLETAR","105867773079001|Meia central armador|6"
"105867773079001","105867773079001","Lee Kang-In","82","MLE","National Team Selection Korea Republic Jun '26","Meia de lado por dentro","6","Agilidade +1","linha_11354","nativa","v6","2026-08-15 23:23:24.888904+00","vaga livre — A COLETAR","105867773079001|Meia de lado por dentro|6"
"105867773079001","105867773079001","Lee Kang-In","82","MLE","National Team Selection Korea Republic Jun '26","Meia de lado por fora","6","Sem Bola +1","linha_11361","nativa","v6","2026-08-15 23:25:33.696797+00","vaga livre — A COLETAR","105867773079001|Meia de lado por fora|6"
"105867773079001","105867773079001","Lee Kang-In","82","MLE","National Team Selection Korea Republic Jun '26","Meia ofensivo armador","6","Criador de Jogadas +1","linha_4695","comprada:SA","v6","2026-08-17 14:46:42.631013+00","vaga livre — A COLETAR","105867773079001|Meia ofensivo armador|6"
"105867773079001","105867773079001","Lee Kang-In","82","MLE","National Team Selection Korea Republic Jun '26","Ponta criadora","6","Instinto Artilheiro +1","linha_4696","comprada:PD","v6","2026-08-17 14:46:42.810374+00","vaga livre — A COLETAR","105867773079001|Ponta criadora|6"
"105867773082911","105867773082911","Hwang In-Beom","80","MC","National Team Selection Korea Republic Jun '26","Meia central armador","6","Passe +1","linha_11934","nativa","v6","2026-08-16 02:12:32.039962+00","vaga livre — A COLETAR","105867773082911|Meia central armador|6"
"105867773082911","105867773082911","Hwang In-Beom","80","MC","National Team Selection Korea Republic Jun '26","Meia central de chegada","6","Técnica +1","linha_11936","nativa","v6","2026-08-16 02:14:38.654455+00","vaga livre — A COLETAR","105867773082911|Meia central de chegada|6"
"105867773082911","105867773082911","Hwang In-Beom","80","MC","National Team Selection Korea Republic Jun '26","Meia ofensivo armador","6","Criador de Jogadas +1","linha_11937","comprada:MO","v6","2026-08-16 02:14:38.875032+00","vaga livre — A COLETAR","105867773082911|Meia ofensivo armador|6"
"105867773082911","105867773082911","Hwang In-Beom","80","MC","National Team Selection Korea Republic Jun '26","Volante de construção","6","Reconstrução +1","linha_11939","comprada:VOL","v6","2026-08-16 02:16:45.174965+00","vaga livre — A COLETAR","105867773082911|Volante de construção|6"
"105868528054502","105868528054502","Benoit Badiashile","80","ZC","Chelsea B Selection 14 Aug '26","Zagueiro de combate","6","Disputa Aérea +1",,"nativa","v6","2026-08-15 13:07:34.028328+00","vaga livre — A COLETAR","105868528054502|Zagueiro de combate|6"
"105868528054502","105868528054502","Benoit Badiashile","80","ZC","Chelsea B Selection 14 Aug '26","Zagueiro de saída","6","Disputa Aérea +1",,"nativa","v6","2026-08-15 13:07:34.028328+00","vaga livre — A COLETAR","105868528054502|Zagueiro de saída|6"
"105868528055595","105868528055595","Robert Sanchez","79","GK","Chelsea B Selection 14 Aug '26","Goleiro defensivo","6","Precisão +1",,"nativa","v6","2026-08-15 13:07:34.300936+00","vaga livre — A COLETAR","105868528055595|Goleiro defensivo|6"
"105868528068056","105868528068056","Liam Delap","79","CA","Chelsea B Selection 14 Aug '26","Centroavante fixo","6","Agilidade +1",,"nativa","v6","2026-08-15 13:07:34.300936+00","vaga livre — A COLETAR","105868528068056|Centroavante fixo|6"
"105868528068056","105868528068056","Liam Delap","79","CA","Chelsea B Selection 14 Aug '26","Centroavante móvel","6","Agilidade +1",,"nativa","v6","2026-08-15 13:07:34.300936+00","vaga livre — A COLETAR","105868528068056|Centroavante móvel|6"
"105868528068056","105868528068056","Liam Delap","79","CA","Chelsea B Selection 14 Aug '26","Falso nove","6","Motor do Time +1",,"nativa","v6","2026-08-15 13:07:34.300936+00","vaga livre — A COLETAR","105868528068056|Falso nove|6"
"105868528068056","105868528068056","Liam Delap","79","CA","Chelsea B Selection 14 Aug '26","Meia de lado por dentro","6","Instinto Artilheiro +1",,"comprada:MLD","v6","2026-08-15 13:07:34.300936+00","vaga livre — A COLETAR","105868528068056|Meia de lado por dentro|6"
"105868528068056","105868528068056","Liam Delap","79","CA","Chelsea B Selection 14 Aug '26","Ponta finalizadora","6","Equilibrista +1",,"comprada:PD","v6","2026-08-15 13:07:34.300936+00","vaga livre — A COLETAR","105868528068056|Ponta finalizadora|6"
"105868528071235","105868528071235","Dario Essugo","80","VOL","Chelsea B Selection 14 Aug '26","Meia central de chegada","6","Criador de Jogadas +1",,"comprada:MC","v6","2026-08-15 13:07:34.028328+00","vaga livre — A COLETAR","105868528071235|Meia central de chegada|6"
"105868528071235","105868528071235","Dario Essugo","80","VOL","Chelsea B Selection 14 Aug '26","Volante de construção","6","Arrancada +1",,"nativa","v6","2026-08-15 13:07:34.028328+00","vaga livre — A COLETAR","105868528071235|Volante de construção|6"
"105868528071235","105868528071235","Dario Essugo","80","VOL","Chelsea B Selection 14 Aug '26","Volante de contenção","6","Força +1",,"nativa","v6","2026-08-15 13:07:34.028328+00","vaga livre — A COLETAR","105868528071235|Volante de contenção|6"
"105868528074316","105868528074316","Levi Colwill","82","ZC","Chelsea B Selection 14 Aug '26","Lateral ofensivo","6","Defesa (Roubo) +1",,"comprada:LE","v6","2026-08-15 13:07:32.953866+00","vaga livre — A COLETAR","105868528074316|Lateral ofensivo|6"
"105868528074316","105868528074316","Levi Colwill","82","ZC","Chelsea B Selection 14 Aug '26","Zagueiro de combate","6","Motor do Time +1",,"nativa","v6","2026-08-15 13:07:32.953866+00","vaga livre — A COLETAR","105868528074316|Zagueiro de combate|6"
"105868528074316","105868528074316","Levi Colwill","82","ZC","Chelsea B Selection 14 Aug '26","Zagueiro de saída","6","Motor do Time +1",,"nativa","v6","2026-08-15 13:07:32.953866+00","vaga livre — A COLETAR","105868528074316|Zagueiro de saída|6"
"105868528075260","105868528075260","Romeo Lavia","82","VOL","Chelsea B Selection 14 Aug '26","Meia central armador","6","Condução Técnica +1",,"comprada:MC","v6","2026-08-15 13:07:32.953866+00","vaga livre — A COLETAR","105868528075260|Meia central armador|6"
"105868528075260","105868528075260","Romeo Lavia","82","VOL","Chelsea B Selection 14 Aug '26","Volante de construção","6","Condução Técnica +1",,"nativa","v6","2026-08-15 13:07:32.953866+00","vaga livre — A COLETAR","105868528075260|Volante de construção|6"
"105868528075260","105868528075260","Romeo Lavia","82","VOL","Chelsea B Selection 14 Aug '26","Volante de contenção","6","Criador de Jogadas +1",,"nativa","v6","2026-08-15 13:07:32.953866+00","vaga livre — A COLETAR","105868528075260|Volante de contenção|6"
"105868528086725","105868528086725","Mamadou Sarr","81","ZC","Chelsea B Selection 14 Aug '26","Zagueiro de combate","6","Disputa Aérea +1",,"nativa","v6","2026-08-15 13:07:33.487223+00","vaga livre — A COLETAR","105868528086725|Zagueiro de combate|6"
"105868528086725","105868528086725","Mamadou Sarr","81","ZC","Chelsea B Selection 14 Aug '26","Zagueiro de saída","6","Disputa Aérea +1",,"nativa","v6","2026-08-15 13:07:33.487223+00","vaga livre — A COLETAR","105868528086725|Zagueiro de saída|6"
"105868528101388","105868528101388","Jamie Gittens","82","PE","Chelsea B Selection 14 Aug '26","Meia de lado por dentro","6","Condução Técnica +1",,"comprada:MLE","v6","2026-08-15 13:07:32.953866+00","vaga livre — A COLETAR","105868528101388|Meia de lado por dentro|6"
"105868528101388","105868528101388","Jamie Gittens","82","PE","Chelsea B Selection 14 Aug '26","Ponta criadora","6","Condução Técnica +1",,"nativa","v6","2026-08-15 13:07:32.953866+00","vaga livre — A COLETAR","105868528101388|Ponta criadora|6"
"105868528101388","105868528101388","Jamie Gittens","82","PE","Chelsea B Selection 14 Aug '26","Ponta finalizadora","6","Condução Técnica +1",,"nativa","v6","2026-08-15 13:07:32.953866+00","vaga livre — A COLETAR","105868528101388|Ponta finalizadora|6"
"105869333357110","105869333357110","Pascal Struijk","78","ZC","Summer Transfer 17 Aug '26","Lateral ofensivo","6","Reconstrução +1",,"comprada:LE","v6","2026-08-15 13:07:34.578035+00","vaga livre — A COLETAR","105869333357110|Lateral ofensivo|6"
"105869333357110","105869333357110","Pascal Struijk","78","ZC","Summer Transfer 17 Aug '26","Volante de contenção","6","Arrancada +1",,"comprada:VOL","v6","2026-08-15 13:07:34.578035+00","vaga livre — A COLETAR","105869333357110|Volante de contenção|6"
"105869333357110","105869333357110","Pascal Struijk","78","ZC","Summer Transfer 17 Aug '26","Zagueiro de combate","6","Disputa Aérea +1",,"nativa","v6","2026-08-15 13:07:34.578035+00","vaga livre — A COLETAR","105869333357110|Zagueiro de combate|6"
"105869333357110","105869333357110","Pascal Struijk","78","ZC","Summer Transfer 17 Aug '26","Zagueiro de saída","6","Disputa Aérea +1",,"nativa","v6","2026-08-15 13:07:34.578035+00","vaga livre — A COLETAR","105869333357110|Zagueiro de saída|6"
"105869333361235","105869333361235","Fran Garcia","80","LE","Summer Transfer 17 Aug '26","Lateral defensivo","6","Agilidade +1",,"nativa","v6","2026-08-15 13:07:34.028328+00","vaga livre — A COLETAR","105869333361235|Lateral defensivo|6"
"105869333361235","105869333361235","Fran Garcia","80","LE","Summer Transfer 17 Aug '26","Lateral ofensivo","6","Cruzamento +1",,"nativa","v6","2026-08-15 13:07:34.028328+00","vaga livre — A COLETAR","105869333361235|Lateral ofensivo|6"
"105869333361235","105869333361235","Fran Garcia","80","LE","Summer Transfer 17 Aug '26","Meia de lado por dentro","6","Agilidade +1",,"comprada:MLE","v6","2026-08-15 13:07:34.028328+00","vaga livre — A COLETAR","105869333361235|Meia de lado por dentro|6"
"105869333361235","105869333361235","Fran Garcia","80","LE","Summer Transfer 17 Aug '26","Ponta finalizadora","6","Agilidade +1",,"comprada:PE","v6","2026-08-15 13:07:34.028328+00","vaga livre — A COLETAR","105869333361235|Ponta finalizadora|6"
"105869333368702","105869333368702","Joao Gomes","82","MC","Summer Transfer 17 Aug '26","Meia central armador","6","Agilidade +1",,"nativa","v6","2026-08-15 13:07:32.953866+00","vaga livre — A COLETAR","105869333368702|Meia central armador|6"
"105869333368702","105869333368702","Joao Gomes","82","MC","Summer Transfer 17 Aug '26","Meia central de chegada","6","Fantasia +1",,"nativa","v6","2026-08-15 13:07:32.953866+00","vaga livre — A COLETAR","105869333368702|Meia central de chegada|6"
"105869333368702","105869333368702","Joao Gomes","82","MC","Summer Transfer 17 Aug '26","Meia ofensivo armador","6","Agilidade +1",,"comprada:MO","v6","2026-08-15 13:07:32.953866+00","vaga livre — A COLETAR","105869333368702|Meia ofensivo armador|6"
"105869333368702","105869333368702","Joao Gomes","82","MC","Summer Transfer 17 Aug '26","Volante de construção","6","Duelo (Divididas) +1",,"comprada:VOL","v6","2026-08-15 13:07:32.953866+00","vaga livre — A COLETAR","105869333368702|Volante de construção|6"
"105869333381118","105869333381118","Loum Tchaouna","78","PD","Summer Transfer 17 Aug '26","Centroavante móvel","6","Agilidade +1",,"comprada:CA","v6","2026-08-15 13:07:34.578035+00","vaga livre — A COLETAR","105869333381118|Centroavante móvel|6"
"105869333381118","105869333381118","Loum Tchaouna","78","PD","Summer Transfer 17 Aug '26","Meia de lado por dentro","6","Agilidade +1",,"comprada:MLE","v6","2026-08-15 13:07:34.578035+00","vaga livre — A COLETAR","105869333381118|Meia de lado por dentro|6"
"105869333381118","105869333381118","Loum Tchaouna","78","PD","Summer Transfer 17 Aug '26","Meia ofensivo armador","6","Condução Técnica +1",,"comprada:MO","v6","2026-08-15 13:07:34.578035+00","vaga livre — A COLETAR","105869333381118|Meia ofensivo armador|6"
"105869333381118","105869333381118","Loum Tchaouna","78","PD","Summer Transfer 17 Aug '26","Ponta criadora","6","Agilidade +1",,"nativa","v6","2026-08-15 13:07:34.578035+00","vaga livre — A COLETAR","105869333381118|Ponta criadora|6"
"105869333381118","105869333381118","Loum Tchaouna","78","PD","Summer Transfer 17 Aug '26","Ponta finalizadora","6","Agilidade +1",,"nativa","v6","2026-08-15 13:07:34.578035+00","vaga livre — A COLETAR","105869333381118|Ponta finalizadora|6"
"105869333393229","105869333393229","Arthur Atta","80","MC","Summer Transfer 17 Aug '26","Meia central armador","6","Cruzamento +1",,"nativa","v6","2026-08-15 13:07:34.028328+00","vaga livre — A COLETAR","105869333393229|Meia central armador|6"
"105869333393229","105869333393229","Arthur Atta","80","MC","Summer Transfer 17 Aug '26","Meia central de chegada","6","Fantasia +1",,"nativa","v6","2026-08-15 13:07:34.028328+00","vaga livre — A COLETAR","105869333393229|Meia central de chegada|6"
"105869333393229","105869333393229","Arthur Atta","80","MC","Summer Transfer 17 Aug '26","Meia de lado por dentro","6","Instinto Artilheiro +1",,"comprada:MLE","v6","2026-08-15 13:07:34.028328+00","vaga livre — A COLETAR","105869333393229|Meia de lado por dentro|6"
"105869333393229","105869333393229","Arthur Atta","80","MC","Summer Transfer 17 Aug '26","Ponta finalizadora","6","Criador de Jogadas +1",,"comprada:PE","v6","2026-08-15 13:07:34.028328+00","vaga livre — A COLETAR","105869333393229|Ponta finalizadora|6"
"105869333393229","105869333393229","Arthur Atta","80","MC","Summer Transfer 17 Aug '26","Segundo atacante","6","Cobrança de Falta +1",,"comprada:MO","v6","2026-08-15 13:07:34.028328+00","vaga livre — A COLETAR","105869333393229|Segundo atacante|6"
"105869333393229","105869333393229","Arthur Atta","80","MC","Summer Transfer 17 Aug '26","Volante de contenção","6","Arrancada +1",,"comprada:VOL","v6","2026-08-15 13:07:34.028328+00","vaga livre — A COLETAR","105869333393229|Volante de contenção|6"
"105869333394562","105869333394562","Afonso Moreira","80","PE","Summer Transfer 17 Aug '26","Centroavante móvel","6","Agilidade +1",,"comprada:CA","v6","2026-08-15 13:07:34.028328+00","vaga livre — A COLETAR","105869333394562|Centroavante móvel|6"
"105869333394562","105869333394562","Afonso Moreira","80","PE","Summer Transfer 17 Aug '26","Meia de lado por fora","6","Condução Técnica +1",,"comprada:MLE","v6","2026-08-15 13:07:34.028328+00","vaga livre — A COLETAR","105869333394562|Meia de lado por fora|6"
"105869333394562","105869333394562","Afonso Moreira","80","PE","Summer Transfer 17 Aug '26","Ponta criadora","6","Agilidade +1",,"nativa","v6","2026-08-15 13:07:34.028328+00","vaga livre — A COLETAR","105869333394562|Ponta criadora|6"
"105869333394562","105869333394562","Afonso Moreira","80","PE","Summer Transfer 17 Aug '26","Ponta finalizadora","6","Agilidade +1",,"nativa","v6","2026-08-15 13:07:34.028328+00","vaga livre — A COLETAR","105869333394562|Ponta finalizadora|6"
"105869333401321","105869333401321","Tarik Muharemovic","78","ZC","Summer Transfer 17 Aug '26","Zagueiro de combate","6","Vigor Físico +1",,"nativa","v6","2026-08-15 13:07:34.578035+00","vaga livre — A COLETAR","105869333401321|Zagueiro de combate|6"
"105869333401321","105869333401321","Tarik Muharemovic","78","ZC","Summer Transfer 17 Aug '26","Zagueiro de saída","6","Disputa Aérea +1",,"nativa","v6","2026-08-15 13:07:34.578035+00","vaga livre — A COLETAR","105869333401321|Zagueiro de saída|6"
"105869333415031","105869333415031","Bazoumana Toure","79","PE","Summer Transfer 17 Aug '26","Centroavante móvel","6","Agilidade +1",,"comprada:CA","v6","2026-08-15 13:07:34.300936+00","vaga livre — A COLETAR","105869333415031|Centroavante móvel|6"
"105869333415031","105869333415031","Bazoumana Toure","79","PE","Summer Transfer 17 Aug '26","Meia de lado por dentro","6","Agilidade +1",,"comprada:MLE","v6","2026-08-15 13:07:34.300936+00","vaga livre — A COLETAR","105869333415031|Meia de lado por dentro|6"
"105869333415031","105869333415031","Bazoumana Toure","79","PE","Summer Transfer 17 Aug '26","Ponta criadora","6","Agilidade +1",,"nativa","v6","2026-08-15 13:07:34.300936+00","vaga livre — A COLETAR","105869333415031|Ponta criadora|6"
"105869333415031","105869333415031","Bazoumana Toure","79","PE","Summer Transfer 17 Aug '26","Ponta finalizadora","6","Agilidade +1",,"nativa","v6","2026-08-15 13:07:34.300936+00","vaga livre — A COLETAR","105869333415031|Ponta finalizadora|6"
"105873091431106","105873091431106","Alejandro Grimaldo","82","LE","Summer Transfer 13 Aug '26","Lateral defensivo","6","Duelo (Divididas) +1",,"nativa","v6","2026-08-15 13:07:33.219759+00","vaga livre — A COLETAR","105873091431106|Lateral defensivo|6"
"105873091431106","105873091431106","Alejandro Grimaldo","82","LE","Summer Transfer 13 Aug '26","Lateral ofensivo","6","Agilidade +1",,"nativa","v6","2026-08-15 13:07:33.487223+00","vaga livre — A COLETAR","105873091431106|Lateral ofensivo|6"
"105873091431106","105873091431106","Alejandro Grimaldo","82","LE","Summer Transfer 13 Aug '26","Meia de lado por dentro","6","Condução Técnica +1",,"comprada:MLE","v6","2026-08-15 13:07:33.219759+00","vaga livre — A COLETAR","105873091431106|Meia de lado por dentro|6"
"105873091431106","105873091431106","Alejandro Grimaldo","82","LE","Summer Transfer 13 Aug '26","Ponta finalizadora","6","Agilidade +1",,"comprada:PE","v6","2026-08-15 13:07:33.219759+00","vaga livre — A COLETAR","105873091431106|Ponta finalizadora|6"
"105873091445023","105873091445023","Ibrahima Konate","83","ZC","Summer Transfer 13 Aug '26","Zagueiro de combate","6","Duelo (Divididas) +1",,"nativa","v6","2026-08-15 13:07:32.567967+00","vaga livre — A COLETAR","105873091445023|Zagueiro de combate|6"
"105873091445023","105873091445023","Ibrahima Konate","83","ZC","Summer Transfer 13 Aug '26","Zagueiro de saída","6","Duelo (Divididas) +1",,"nativa","v6","2026-08-15 13:07:32.567967+00","vaga livre — A COLETAR","105873091445023|Zagueiro de saída|6"
"105873091448219","105873091448219","Sandro Tonali","83","VOL","Summer Transfer 13 Aug '26","Meia central de chegada","6","Técnica +1",,"comprada:MC","v6","2026-08-15 13:07:32.953866+00","vaga livre — A COLETAR","105873091448219|Meia central de chegada|6"
"105873091448219","105873091448219","Sandro Tonali","83","VOL","Summer Transfer 13 Aug '26","Volante de construção","6","Regista +1",,"nativa","v6","2026-08-15 13:07:32.953866+00","vaga livre — A COLETAR","105873091448219|Volante de construção|6"
"105873091448219","105873091448219","Sandro Tonali","83","VOL","Summer Transfer 13 Aug '26","Volante de contenção","6","Duelo (Divididas) +1",,"nativa","v6","2026-08-15 13:07:32.567967+00","vaga livre — A COLETAR","105873091448219|Volante de contenção|6"
"105873091468038","105873091468038","Christos Tzolis","81","PE","Summer Transfer 13 Aug '26","Centroavante móvel","6","Sem Bola +1",,"comprada:CA","v6","2026-08-15 13:07:34.028328+00","vaga livre — A COLETAR","105873091468038|Centroavante móvel|6"
"105873091468038","105873091468038","Christos Tzolis","81","PE","Summer Transfer 13 Aug '26","Meia de lado por dentro","6","Condução Técnica +1",,"comprada:MLE","v6","2026-08-15 13:07:34.028328+00","vaga livre — A COLETAR","105873091468038|Meia de lado por dentro|6"
"105873091468038","105873091468038","Christos Tzolis","81","PE","Summer Transfer 13 Aug '26","Meia ofensivo armador","6","Passe +1",,"comprada:MO","v6","2026-08-15 13:07:34.028328+00","vaga livre — A COLETAR","105873091468038|Meia ofensivo armador|6"
"105873091468038","105873091468038","Christos Tzolis","81","PE","Summer Transfer 13 Aug '26","Ponta criadora","6","Fantasia +1",,"nativa","v6","2026-08-15 13:07:33.782002+00","vaga livre — A COLETAR","105873091468038|Ponta criadora|6"
"105873091468038","105873091468038","Christos Tzolis","81","PE","Summer Transfer 13 Aug '26","Ponta finalizadora","6","Agilidade +1",,"nativa","v6","2026-08-15 13:07:33.782002+00","vaga livre — A COLETAR","105873091468038|Ponta finalizadora|6"
"105873091473615","105873091473615","Andrey Santos","82","MC","Summer Transfer 13 Aug '26","Meia central armador","6","Técnica +1",,"nativa","v6","2026-08-15 13:07:33.219759+00","vaga livre — A COLETAR","105873091473615|Meia central armador|6"
"105873091473615","105873091473615","Andrey Santos","82","MC","Summer Transfer 13 Aug '26","Meia central de chegada","6","Técnica +1",,"nativa","v6","2026-08-15 13:07:33.219759+00","vaga livre — A COLETAR","105873091473615|Meia central de chegada|6"
"105873091473615","105873091473615","Andrey Santos","82","MC","Summer Transfer 13 Aug '26","Meia ofensivo armador","6","Criador de Jogadas +1",,"comprada:MO","v6","2026-08-15 13:07:33.219759+00","vaga livre — A COLETAR","105873091473615|Meia ofensivo armador|6"
"105873091473615","105873091473615","Andrey Santos","82","MC","Summer Transfer 13 Aug '26","Volante de construção","6","Reconstrução +1",,"comprada:VOL","v6","2026-08-15 13:07:33.487223+00","vaga livre — A COLETAR","105873091473615|Volante de construção|6"
"105873091489528","105873091489528","Jeremy Jacquet","81","ZC","Summer Transfer 13 Aug '26","Lateral ofensivo","6","Cruzamento +1",,"comprada:LD","v6","2026-08-15 13:07:34.028328+00","vaga livre — A COLETAR","105873091489528|Lateral ofensivo|6"
"105873091489528","105873091489528","Jeremy Jacquet","81","ZC","Summer Transfer 13 Aug '26","Zagueiro de combate","6","Duelo +1",,"nativa","v6","2026-08-15 13:07:34.028328+00","vaga livre — A COLETAR","105873091489528|Zagueiro de combate|6"
"105873091489528","105873091489528","Jeremy Jacquet","81","ZC","Summer Transfer 13 Aug '26","Zagueiro de saída","6","Bloqueio Aéreo +1",,"nativa","v6","2026-08-15 13:07:34.028328+00","vaga livre — A COLETAR","105873091489528|Zagueiro de saída|6"
"105873091492244","105873091492244","Marco Palestra","81","MLD","Summer Transfer 13 Aug '26","Lateral ofensivo","6","Agilidade +1",,"comprada:LD","v6","2026-08-15 13:07:34.028328+00","vaga livre — A COLETAR","105873091492244|Lateral ofensivo|6"
"105873091492244","105873091492244","Marco Palestra","81","MLD","Summer Transfer 13 Aug '26","Meia de lado por dentro","6","Condução Técnica +1",,"nativa","v6","2026-08-15 13:07:34.028328+00","vaga livre — A COLETAR","105873091492244|Meia de lado por dentro|6"
"105873091492244","105873091492244","Marco Palestra","81","MLD","Summer Transfer 13 Aug '26","Meia de lado por fora","6","Técnica +1",,"nativa","v6","2026-08-15 13:07:34.028328+00","vaga livre — A COLETAR","105873091492244|Meia de lado por fora|6"
"105873091492244","105873091492244","Marco Palestra","81","MLD","Summer Transfer 13 Aug '26","Ponta criadora","6","Condução Técnica +1",,"comprada:PD","v6","2026-08-15 13:07:34.028328+00","vaga livre — A COLETAR","105873091492244|Ponta criadora|6"
"105873091504239","105873091504239","Johan Manzambi","81","MO","Summer Transfer 13 Aug '26","Meia central de chegada","6","Técnica +1",,"comprada:MC","v6","2026-08-15 13:07:34.028328+00","vaga livre — A COLETAR","105873091504239|Meia central de chegada|6"
"105873091504239","105873091504239","Johan Manzambi","81","MO","Summer Transfer 13 Aug '26","Meia de lado por dentro","6","Agilidade +1",,"comprada:MLE","v6","2026-08-15 13:07:34.028328+00","vaga livre — A COLETAR","105873091504239|Meia de lado por dentro|6"
"105873091504239","105873091504239","Johan Manzambi","81","MO","Summer Transfer 13 Aug '26","Meia ofensivo armador","6","Criador de Jogadas +1",,"nativa","v6","2026-08-15 13:07:34.028328+00","vaga livre — A COLETAR","105873091504239|Meia ofensivo armador|6"
"105873091504239","105873091504239","Johan Manzambi","81","MO","Summer Transfer 13 Aug '26","Ponta finalizadora","6","Agilidade +1",,"comprada:PE","v6","2026-08-15 13:07:34.028328+00","vaga livre — A COLETAR","105873091504239|Ponta finalizadora|6"
"105873091504239","105873091504239","Johan Manzambi","81","MO","Summer Transfer 13 Aug '26","Segundo atacante","6","Técnica +1",,"nativa","v6","2026-08-15 13:07:34.028328+00","vaga livre — A COLETAR","105873091504239|Segundo atacante|6"
"105873091504239","105873091504239","Johan Manzambi","81","MO","Summer Transfer 13 Aug '26","Volante de contenção","6","Vigor Físico +1",,"comprada:VOL","v6","2026-08-15 13:07:34.300936+00","vaga livre — A COLETAR","105873091504239|Volante de contenção|6"
"105873628309622","105873628309622","Frenkie de Jong","95","MC","New Season Campaign 2027","Meia central armador","6","Passe +3 + Técnica +1","linha_6621","nativa","v6","2026-08-17 14:47:43.420942+00","vaga livre — A COLETAR","105873628309622|Meia central armador|6"
"105873628309622","105873628309622","Frenkie de Jong","95","MC","New Season Campaign 2027","Meia central de chegada","6","Criador de Jogadas +3 + Cruzamento +1","linha_6623","nativa","v6","2026-08-17 14:47:43.742047+00","vaga livre — A COLETAR","105873628309622|Meia central de chegada|6"
"105873628309622","105873628309622","Frenkie de Jong","95","MC","New Season Campaign 2027","Meia ofensivo armador","6","Passe +3 + Passe +1","linha_6624","comprada:MO","v6","2026-08-17 14:47:43.895573+00","vaga livre — A COLETAR","105873628309622|Meia ofensivo armador|6"
"105873628309622","105873628309622","Frenkie de Jong","95","MC","New Season Campaign 2027","Volante de construção","6","Reconstrução +3 + Precisão +1","linha_6626","comprada:VOL","v6","2026-08-17 14:47:44.210878+00","vaga livre — A COLETAR","105873628309622|Volante de construção|6"
"105873628309622","105873628309622","Frenkie de Jong","95","MC","New Season Campaign 2027","Zagueiro de saída","6","Duelo +3 + Duelo +1","linha_6625","comprada:ZC","v6","2026-08-17 14:47:44.063542+00","vaga livre — A COLETAR","105873628309622|Zagueiro de saída|6"
"105873628311604","105873628311604","Raphinha","95","PE","New Season Campaign 2027","Centroavante móvel","6","Instinto Artilheiro +3 + Instinto Artilheiro +1","linha_6627","comprada:CA","v6","2026-08-17 14:47:44.360238+00","vaga livre — A COLETAR","105873628311604|Centroavante móvel|6"
"105873628311604","105873628311604","Raphinha","95","PE","New Season Campaign 2027","Meia de lado por fora","6","Agilidade +3 + Agilidade +1","linha_6631","comprada:MLE","v6","2026-08-17 14:47:45.010077+00","vaga livre — A COLETAR","105873628311604|Meia de lado por fora|6"
"105873628311604","105873628311604","Raphinha","95","PE","New Season Campaign 2027","Meia ofensivo armador","6","Cobrança de Falta +3 + Física +1","linha_6629","comprada:SA","v6","2026-08-17 14:47:44.685961+00","vaga livre — A COLETAR","105873628311604|Meia ofensivo armador|6"
"105873628311604","105873628311604","Raphinha","95","PE","New Season Campaign 2027","Ponta criadora","6","Técnica +3 + Condução Técnica +1","linha_6630","nativa","v6","2026-08-17 14:47:44.845207+00","vaga livre — A COLETAR","105873628311604|Ponta criadora|6"
"105873628311604","105873628311604","Raphinha","95","PE","New Season Campaign 2027","Ponta finalizadora","6","Condução Técnica +3 + Condução Técnica +1","linha_6628","nativa","v6","2026-08-17 14:47:44.529764+00","vaga livre — A COLETAR","105873628311604|Ponta finalizadora|6"
"105873628311744","105873628311744","Jules Kounde","95","LD","New Season Campaign 2027","Lateral defensivo","6","Duelo +3 + Duelo +1","linha_6632","nativa","v6","2026-08-17 14:47:45.20248+00","vaga livre — A COLETAR","105873628311744|Lateral defensivo|6"
"105873628311744","105873628311744","Jules Kounde","95","LD","New Season Campaign 2027","Lateral ofensivo","6","Agilidade +3 + Agilidade +1","linha_6634","nativa","v6","2026-08-17 14:47:45.535375+00","vaga livre — A COLETAR","105873628311744|Lateral ofensivo|6"
"105873628311744","105873628311744","Jules Kounde","95","LD","New Season Campaign 2027","Meia de lado por dentro","6","Condução Técnica +3 + Condução Técnica +1","linha_6635","comprada:MLD","v6","2026-08-17 14:47:45.713849+00","vaga livre — A COLETAR","105873628311744|Meia de lado por dentro|6"
"105873628311744","105873628311744","Jules Kounde","95","LD","New Season Campaign 2027","Zagueiro de saída","6","Reconstrução +3 + Defesa (Roubo) +1","linha_6633","comprada:ZC","v6","2026-08-17 14:47:45.370144+00","vaga livre — A COLETAR","105873628311744|Zagueiro de saída|6"
"105873628311862","105873628311862","Dani Olmo","94","MO","New Season Campaign 2027","Centroavante móvel","6","Sem Bola +3 + Sem Bola +1","linha_6640","comprada:CA","v6","2026-08-17 14:47:46.553836+00","vaga livre — A COLETAR","105873628311862|Centroavante móvel|6"
"105873628311862","105873628311862","Dani Olmo","94","MO","New Season Campaign 2027","Meia central de chegada","6","Cruzamento +3 + Precisão +1","linha_6641","comprada:MC","v6","2026-08-17 14:47:46.701633+00","vaga livre — A COLETAR","105873628311862|Meia central de chegada|6"
"105873628311862","105873628311862","Dani Olmo","94","MO","New Season Campaign 2027","Meia de lado por dentro","6","Condução Técnica +3 + Condução Técnica +1","linha_6643","comprada:MLE","v6","2026-08-17 14:47:47.035329+00","vaga livre — A COLETAR","105873628311862|Meia de lado por dentro|6"
"105873628311862","105873628311862","Dani Olmo","94","MO","New Season Campaign 2027","Meia ofensivo armador","6","Técnica +3 + Precisão +1","linha_6644","nativa","v6","2026-08-17 14:47:47.184376+00","vaga livre — A COLETAR","105873628311862|Meia ofensivo armador|6"
"105873628311862","105873628311862","Dani Olmo","94","MO","New Season Campaign 2027","Ponta finalizadora","6","Condução Técnica +3 + Condução Técnica +1","linha_6642","comprada:PE","v6","2026-08-17 14:47:46.867394+00","vaga livre — A COLETAR","105873628311862|Ponta finalizadora|6"
"105873628311862","105873628311862","Dani Olmo","94","MO","New Season Campaign 2027","Segundo atacante","6","Fantasia +3 + Técnica +1","linha_6646","nativa","v6","2026-08-17 14:47:47.47852+00","vaga livre — A COLETAR","105873628311862|Segundo atacante|6"
"105873628348195","105873628348195","Gavi","94","MC","New Season Campaign 2027","Meia central armador","6","Precisão +3 + Precisão +1","linha_6645","nativa","v6","2026-08-17 14:47:47.326042+00","vaga livre — A COLETAR","105873628348195|Meia central armador|6"
"105873628348195","105873628348195","Gavi","94","MC","New Season Campaign 2027","Meia central de chegada","6","Precisão +3 + Cruzamento +1","linha_6647","nativa","v6","2026-08-17 14:47:47.649936+00","vaga livre — A COLETAR","105873628348195|Meia central de chegada|6"
"105873628348195","105873628348195","Gavi","94","MC","New Season Campaign 2027","Meia de lado por dentro","6","Arrancada +3 + Condução Técnica +1","linha_6648","comprada:MLE","v6","2026-08-17 14:47:47.810759+00","vaga livre — A COLETAR","105873628348195|Meia de lado por dentro|6"
"105873628348195","105873628348195","Gavi","94","MC","New Season Campaign 2027","Ponta finalizadora","6","Arrancada +3 + Condução Técnica +1","linha_6649","comprada:PE","v6","2026-08-17 14:47:47.967841+00","vaga livre — A COLETAR","105873628348195|Ponta finalizadora|6"
"105873628348195","105873628348195","Gavi","94","MC","New Season Campaign 2027","Segundo atacante","6","Técnica +3 + Técnica +1","linha_6652","comprada:SA","v6","2026-08-17 14:47:48.467115+00","vaga livre — A COLETAR","105873628348195|Segundo atacante|6"
"105873628348195","105873628348195","Gavi","94","MC","New Season Campaign 2027","Volante de contenção","6","Reconstrução +3 + Reconstrução +1","linha_6651","comprada:VOL","v6","2026-08-17 14:47:48.30964+00","vaga livre — A COLETAR","105873628348195|Volante de contenção|6"
"105873896745385","105873896745385","Nordi Mukiele","81","LD","English League Selection 13 Aug '26","Lateral defensivo","6","Defesa +1",,"nativa","v6","2026-08-15 13:07:34.028328+00","vaga livre — A COLETAR","105873896745385|Lateral defensivo|6"
"105873896745385","105873896745385","Nordi Mukiele","81","LD","English League Selection 13 Aug '26","Lateral ofensivo","6","Agilidade +1",,"nativa","v6","2026-08-15 13:07:34.028328+00","vaga livre — A COLETAR","105873896745385|Lateral ofensivo|6"
"105873896745385","105873896745385","Nordi Mukiele","81","LD","English League Selection 13 Aug '26","Meia de lado por dentro","6","Criador de Jogadas +1",,"comprada:MLD","v6","2026-08-15 13:07:34.028328+00","vaga livre — A COLETAR","105873896745385|Meia de lado por dentro|6"
"105873896745385","105873896745385","Nordi Mukiele","81","LD","English League Selection 13 Aug '26","Zagueiro de saída","6","Bloqueio Aéreo +1",,"comprada:ZC","v6","2026-08-15 13:07:34.028328+00","vaga livre — A COLETAR","105873896745385|Zagueiro de saída|6"
"105873896750438","105873896750438","Caoimhin Kelleher","81","GK","English League Selection 13 Aug '26","Goleiro defensivo","6","Qualidade Goleiro +1",,"nativa","v6","2026-08-15 13:07:34.028328+00","vaga livre — A COLETAR","105873896750438|Goleiro defensivo|6"
"105873896750438","105873896750438","Caoimhin Kelleher","81","GK","English League Selection 13 Aug '26","Goleiro ofensivo","6","Defesaça +1",,"nativa","v6","2026-08-15 13:07:34.028328+00","vaga livre — A COLETAR","105873896750438|Goleiro ofensivo|6"
"105873896751326","105873896751326","Pau Torres","82","ZC","English League Selection 13 Aug '26","Zagueiro de combate","6","Defesa (Roubo) +1",,"nativa","v6","2026-08-15 13:07:33.219759+00","vaga livre — A COLETAR","105873896751326|Zagueiro de combate|6"
"105873896751326","105873896751326","Pau Torres","82","ZC","English League Selection 13 Aug '26","Zagueiro de saída","6","Bloqueio Aéreo +1",,"nativa","v6","2026-08-15 13:07:33.219759+00","vaga livre — A COLETAR","105873896751326|Zagueiro de saída|6"
"105873896755947","105873896755947","Matheus Cunha","83","MLE","English League Selection 13 Aug '26","Centroavante móvel","6","Instinto Artilheiro +1",,"comprada:CA","v6","2026-08-15 13:07:32.953866+00","vaga livre — A COLETAR","105873896755947|Centroavante móvel|6"
"105873896755947","105873896755947","Matheus Cunha","83","MLE","English League Selection 13 Aug '26","Meia central de chegada","6","Cruzamento +1",,"comprada:MC","v6","2026-08-15 13:07:32.953866+00","vaga livre — A COLETAR","105873896755947|Meia central de chegada|6"
"105873896755947","105873896755947","Matheus Cunha","83","MLE","English League Selection 13 Aug '26","Meia de lado por dentro","6","Agilidade +1",,"nativa","v6","2026-08-15 13:07:32.567967+00","vaga livre — A COLETAR","105873896755947|Meia de lado por dentro|6"
"105873896755947","105873896755947","Matheus Cunha","83","MLE","English League Selection 13 Aug '26","Meia de lado por fora","6","Cruzamento +1",,"nativa","v6","2026-08-15 13:07:32.567967+00","vaga livre — A COLETAR","105873896755947|Meia de lado por fora|6"
"105873896755947","105873896755947","Matheus Cunha","83","MLE","English League Selection 13 Aug '26","Ponta finalizadora","6","Agilidade +1",,"comprada:PE","v6","2026-08-15 13:07:32.953866+00","vaga livre — A COLETAR","105873896755947|Ponta finalizadora|6"
"105873896755947","105873896755947","Matheus Cunha","83","MLE","English League Selection 13 Aug '26","Segundo atacante","6","Técnica +1",,"comprada:MO","v6","2026-08-15 13:07:32.953866+00","vaga livre — A COLETAR","105873896755947|Segundo atacante|6"
"105873896760682","105873896760682","Antoine Semenyo","83","PD","English League Selection 13 Aug '26","Centroavante móvel","6","Instinto Artilheiro +1",,"comprada:CA","v6","2026-08-15 13:07:32.953866+00","vaga livre — A COLETAR","105873896760682|Centroavante móvel|6"
"105873896760682","105873896760682","Antoine Semenyo","83","PD","English League Selection 13 Aug '26","Meia de lado por dentro","6","Agilidade +1",,"comprada:MLE","v6","2026-08-15 13:07:32.953866+00","vaga livre — A COLETAR","105873896760682|Meia de lado por dentro|6"
"105873896760682","105873896760682","Antoine Semenyo","83","PD","English League Selection 13 Aug '26","Meia ofensivo armador","6","Técnica +1",,"comprada:SA","v6","2026-08-15 13:07:32.953866+00","vaga livre — A COLETAR","105873896760682|Meia ofensivo armador|6"
"105873896760682","105873896760682","Antoine Semenyo","83","PD","English League Selection 13 Aug '26","Ponta criadora","6","Instinto Artilheiro +1",,"nativa","v6","2026-08-15 13:07:32.953866+00","vaga livre — A COLETAR","105873896760682|Ponta criadora|6"
"105873896760682","105873896760682","Antoine Semenyo","83","PD","English League Selection 13 Aug '26","Ponta finalizadora","6","Agilidade +1",,"nativa","v6","2026-08-15 13:07:32.953866+00","vaga livre — A COLETAR","105873896760682|Ponta finalizadora|6"
"105873896763633","105873896763633","Jan Paul van Hecke","83","ZC","English League Selection 13 Aug '26","Zagueiro de combate","6","Duelo (Divididas) +1",,"nativa","v6","2026-08-15 13:07:32.953866+00","vaga livre — A COLETAR","105873896763633|Zagueiro de combate|6"
"105873896763633","105873896763633","Jan Paul van Hecke","83","ZC","English League Selection 13 Aug '26","Zagueiro de saída","6","Duelo (Divididas) +1",,"nativa","v6","2026-08-15 13:07:32.953866+00","vaga livre — A COLETAR","105873896763633|Zagueiro de saída|6"
"105873896766735","105873896766735","Dominik Szoboszlai","84","MC","English League Selection 13 Aug '26","Lateral ofensivo","6","Agilidade +1",,"comprada:LD","v6","2026-08-15 13:07:32.567967+00","vaga livre — A COLETAR","105873896766735|Lateral ofensivo|6"
"105873896766735","105873896766735","Dominik Szoboszlai","84","MC","English League Selection 13 Aug '26","Meia central armador","6","Técnica +1",,"nativa","v6","2026-08-15 13:07:32.567967+00","vaga livre — A COLETAR","105873896766735|Meia central armador|6"
"105873896766735","105873896766735","Dominik Szoboszlai","84","MC","English League Selection 13 Aug '26","Meia central de chegada","6","Técnica +1",,"nativa","v6","2026-08-15 13:07:32.567967+00","vaga livre — A COLETAR","105873896766735|Meia central de chegada|6"
"105873896766735","105873896766735","Dominik Szoboszlai","84","MC","English League Selection 13 Aug '26","Meia de lado por fora","6","Técnica +1",,"comprada:MLE","v6","2026-08-15 13:07:32.567967+00","vaga livre — A COLETAR","105873896766735|Meia de lado por fora|6"
"105873896766735","105873896766735","Dominik Szoboszlai","84","MC","English League Selection 13 Aug '26","Meia ofensivo armador","6","Técnica +1",,"comprada:MO","v6","2026-08-15 13:07:32.567967+00","vaga livre — A COLETAR","105873896766735|Meia ofensivo armador|6"
"105873896766735","105873896766735","Dominik Szoboszlai","84","MC","English League Selection 13 Aug '26","Ponta finalizadora","6","Condução Técnica +1",,"comprada:PE","v6","2026-08-15 13:07:32.567967+00","vaga livre — A COLETAR","105873896766735|Ponta finalizadora|6"
"105873896766735","105873896766735","Dominik Szoboszlai","84","MC","English League Selection 13 Aug '26","Volante de construção","6","Reconstrução +1",,"comprada:VOL","v6","2026-08-15 13:07:32.567967+00","vaga livre — A COLETAR","105873896766735|Volante de construção|6"
"105873896771214","105873896771214","Tyrick Mitchell","82","LE","English League Selection 13 Aug '26","Lateral defensivo","6","Duelo (Divididas) +1",,"nativa","v6","2026-08-15 13:07:33.219759+00","vaga livre — A COLETAR","105873896771214|Lateral defensivo|6"
"105873896771214","105873896771214","Tyrick Mitchell","82","LE","English League Selection 13 Aug '26","Lateral ofensivo","6","Agilidade +1",,"nativa","v6","2026-08-15 13:07:33.487223+00","vaga livre — A COLETAR","105873896771214|Lateral ofensivo|6"
"105873896771214","105873896771214","Tyrick Mitchell","82","LE","English League Selection 13 Aug '26","Meia de lado por dentro","6","Técnica +1",,"comprada:MLE","v6","2026-08-15 13:07:33.487223+00","vaga livre — A COLETAR","105873896771214|Meia de lado por dentro|6"
"105873896774572","105873896774572","Cole Palmer","83","MO","English League Selection 13 Aug '26","Centroavante móvel","6","Instinto Artilheiro +1",,"comprada:CA","v6","2026-08-15 13:07:32.953866+00","vaga livre — A COLETAR","105873896774572|Centroavante móvel|6"
"105873896774572","105873896774572","Cole Palmer","83","MO","English League Selection 13 Aug '26","Meia central armador","6","Passe +1",,"comprada:MC","v6","2026-08-15 13:07:32.953866+00","vaga livre — A COLETAR","105873896774572|Meia central armador|6"
"105873896774572","105873896774572","Cole Palmer","83","MO","English League Selection 13 Aug '26","Meia de lado por dentro","6","Agilidade +1",,"comprada:MLD","v6","2026-08-15 13:07:32.953866+00","vaga livre — A COLETAR","105873896774572|Meia de lado por dentro|6"
"105873896774572","105873896774572","Cole Palmer","83","MO","English League Selection 13 Aug '26","Meia ofensivo armador","6","Passe +1",,"nativa","v6","2026-08-15 13:07:32.953866+00","vaga livre — A COLETAR","105873896774572|Meia ofensivo armador|6"
"105873896774572","105873896774572","Cole Palmer","83","MO","English League Selection 13 Aug '26","Ponta criadora","6","Agilidade +1",,"comprada:PD","v6","2026-08-15 13:07:32.953866+00","vaga livre — A COLETAR","105873896774572|Ponta criadora|6"
"105873896774572","105873896774572","Cole Palmer","83","MO","English League Selection 13 Aug '26","Segundo atacante","6","Agilidade +1",,"nativa","v6","2026-08-15 13:07:32.953866+00","vaga livre — A COLETAR","105873896774572|Segundo atacante|6"
"105873896778628","105873896778628","Nick Woltemade","83","CA","English League Selection 13 Aug '26","Centroavante fixo","6","Disputa Aérea +1",,"nativa","v6","2026-08-15 13:07:32.953866+00","vaga livre — A COLETAR","105873896778628|Centroavante fixo|6"
"105873896778628","105873896778628","Nick Woltemade","83","CA","English League Selection 13 Aug '26","Centroavante móvel","6","Instinto Artilheiro +1",,"nativa","v6","2026-08-15 13:07:32.953866+00","vaga livre — A COLETAR","105873896778628|Centroavante móvel|6"
"105873896778628","105873896778628","Nick Woltemade","83","CA","English League Selection 13 Aug '26","Falso nove","6","Instinto Artilheiro +1",,"nativa","v6","2026-08-15 13:07:32.953866+00","vaga livre — A COLETAR","105873896778628|Falso nove|6"
"105873896778628","105873896778628","Nick Woltemade","83","CA","English League Selection 13 Aug '26","Meia ofensivo armador","6","Criador de Jogadas +1",,"comprada:MO","v6","2026-08-15 13:07:32.953866+00","vaga livre — A COLETAR","105873896778628|Meia ofensivo armador|6"
"105873896779262","105873896779262","Iliman Ndiaye","82","MLD","English League Selection 13 Aug '26","Centroavante móvel","6","Instinto Artilheiro +1",,"comprada:CA","v6","2026-08-15 13:07:33.487223+00","vaga livre — A COLETAR","105873896779262|Centroavante móvel|6"
"105873896779262","105873896779262","Iliman Ndiaye","82","MLD","English League Selection 13 Aug '26","Meia de lado por dentro","6","Agilidade +1",,"nativa","v6","2026-08-15 13:07:33.487223+00","vaga livre — A COLETAR","105873896779262|Meia de lado por dentro|6"
"105873896779262","105873896779262","Iliman Ndiaye","82","MLD","English League Selection 13 Aug '26","Meia de lado por fora","6","Cruzamento +1",,"nativa","v6","2026-08-15 13:07:33.487223+00","vaga livre — A COLETAR","105873896779262|Meia de lado por fora|6"
"105873896779262","105873896779262","Iliman Ndiaye","82","MLD","English League Selection 13 Aug '26","Ponta finalizadora","6","Agilidade +1",,"comprada:PE","v6","2026-08-15 13:07:33.487223+00","vaga livre — A COLETAR","105873896779262|Ponta finalizadora|6"
"105873896779262","105873896779262","Iliman Ndiaye","82","MLD","English League Selection 13 Aug '26","Segundo atacante","6","Instinto Artilheiro +1",,"comprada:MO","v6","2026-08-15 13:07:33.487223+00","vaga livre — A COLETAR","105873896779262|Segundo atacante|6"
"105880691466019","105880691466019","Mohamed Salah","83","PD","CAF Africa Cup of Nations Selection 13 Aug '26","Centroavante móvel","6","Instinto Artilheiro +1",,"comprada:CA","v6","2026-08-15 13:07:32.567967+00","vaga livre — A COLETAR","105880691466019|Centroavante móvel|6"
"105880691466019","105880691466019","Mohamed Salah","83","PD","CAF Africa Cup of Nations Selection 13 Aug '26","Meia de lado por dentro","6","Agilidade +1",,"comprada:MLD","v6","2026-08-15 13:07:32.567967+00","vaga livre — A COLETAR","105880691466019|Meia de lado por dentro|6"
"105880691466019","105880691466019","Mohamed Salah","83","PD","CAF Africa Cup of Nations Selection 13 Aug '26","Meia ofensivo armador","6","Passe +1",,"comprada:MO","v6","2026-08-15 13:07:32.567967+00","vaga livre — A COLETAR","105880691466019|Meia ofensivo armador|6"
"105880691466019","105880691466019","Mohamed Salah","83","PD","CAF Africa Cup of Nations Selection 13 Aug '26","Ponta criadora","6","Técnica +1",,"nativa","v6","2026-08-15 13:07:32.567967+00","vaga livre — A COLETAR","105880691466019|Ponta criadora|6"
"105880691466019","105880691466019","Mohamed Salah","83","PD","CAF Africa Cup of Nations Selection 13 Aug '26","Ponta finalizadora","6","Agilidade +1",,"nativa","v6","2026-08-15 13:07:32.567967+00","vaga livre — A COLETAR","105880691466019|Ponta finalizadora|6"
"105880691466200","105880691466200","Sadio Mane","80","PE","CAF Africa Cup of Nations Selection 13 Aug '26","Centroavante móvel","6","Instinto Artilheiro +1",,"comprada:CA","v6","2026-08-15 00:57:38.046198+00","vaga livre — A COLETAR","105880691466200|Centroavante móvel|6"
"105880691466200","105880691466200","Sadio Mane","80","PE","CAF Africa Cup of Nations Selection 13 Aug '26","Meia de lado por dentro","6","Condução Técnica +1",,"comprada:MLE","v6","2026-08-15 00:57:38.046198+00","vaga livre — A COLETAR","105880691466200|Meia de lado por dentro|6"
"105880691466200","105880691466200","Sadio Mane","80","PE","CAF Africa Cup of Nations Selection 13 Aug '26","Meia ofensivo armador","6","Física +1",,"comprada:MO","v6","2026-08-15 00:57:38.046198+00","vaga livre — A COLETAR","105880691466200|Meia ofensivo armador|6"
"105880691466200","105880691466200","Sadio Mane","80","PE","CAF Africa Cup of Nations Selection 13 Aug '26","Ponta criadora","6","Fantasia +1",,"nativa","v6","2026-08-15 00:57:38.046198+00","vaga livre — A COLETAR","105880691466200|Ponta criadora|6"
"105880691466200","105880691466200","Sadio Mane","80","PE","CAF Africa Cup of Nations Selection 13 Aug '26","Ponta finalizadora","6","Agilidade +1",,"nativa","v6","2026-08-15 00:57:38.046198+00","vaga livre — A COLETAR","105880691466200|Ponta finalizadora|6"
"105880691517588","105880691517588","Ramy Bensebaini","80","ZC","CAF Africa Cup of Nations Selection 13 Aug '26","Lateral ofensivo","6","Duelo (Divididas) +1",,"comprada:LE","v6","2026-08-15 00:57:38.046198+00","vaga livre — A COLETAR","105880691517588|Lateral ofensivo|6"
"105880691517588","105880691517588","Ramy Bensebaini","80","ZC","CAF Africa Cup of Nations Selection 13 Aug '26","Meia de lado por dentro","6","Técnica +1",,"comprada:MLE","v6","2026-08-15 00:57:38.046198+00","vaga livre — A COLETAR","105880691517588|Meia de lado por dentro|6"
"105880691517588","105880691517588","Ramy Bensebaini","80","ZC","CAF Africa Cup of Nations Selection 13 Aug '26","Zagueiro de combate","6","Duelo +1",,"nativa","v6","2026-08-15 00:57:38.046198+00","vaga livre — A COLETAR","105880691517588|Zagueiro de combate|6"
"105880691517588","105880691517588","Ramy Bensebaini","80","ZC","CAF Africa Cup of Nations Selection 13 Aug '26","Zagueiro de saída","6","Duelo +1",,"nativa","v6","2026-08-15 00:57:38.046198+00","vaga livre — A COLETAR","105880691517588|Zagueiro de saída|6"
"105880691523097","105880691523097","Ismaila Sarr","80","MO","CAF Africa Cup of Nations Selection 13 Aug '26","Centroavante móvel","6","Instinto Artilheiro +1",,"comprada:CA","v6","2026-08-15 00:57:38.046198+00","vaga livre — A COLETAR","105880691523097|Centroavante móvel|6"
"105880691523097","105880691523097","Ismaila Sarr","80","MO","CAF Africa Cup of Nations Selection 13 Aug '26","Meia central de chegada","6","Técnica +1",,"comprada:MC","v6","2026-08-15 00:57:38.046198+00","vaga livre — A COLETAR","105880691523097|Meia central de chegada|6"
"105880691523097","105880691523097","Ismaila Sarr","80","MO","CAF Africa Cup of Nations Selection 13 Aug '26","Meia de lado por dentro","6","Técnica +1",,"comprada:MLE","v6","2026-08-15 00:57:38.046198+00","vaga livre — A COLETAR","105880691523097|Meia de lado por dentro|6"
"105880691523097","105880691523097","Ismaila Sarr","80","MO","CAF Africa Cup of Nations Selection 13 Aug '26","Meia ofensivo armador","6","Passe +1",,"nativa","v6","2026-08-15 00:57:38.046198+00","vaga livre — A COLETAR","105880691523097|Meia ofensivo armador|6"
"105880691523097","105880691523097","Ismaila Sarr","80","MO","CAF Africa Cup of Nations Selection 13 Aug '26","Ponta finalizadora","6","Agilidade +1",,"comprada:PE","v6","2026-08-15 00:57:38.046198+00","vaga livre — A COLETAR","105880691523097|Ponta finalizadora|6"
"105880691523097","105880691523097","Ismaila Sarr","80","MO","CAF Africa Cup of Nations Selection 13 Aug '26","Segundo atacante","6","Técnica +1",,"nativa","v6","2026-08-15 00:57:38.046198+00","vaga livre — A COLETAR","105880691523097|Segundo atacante|6"
"105880691523462","105880691523462","Brahim Diaz","80","PD","CAF Africa Cup of Nations Selection 13 Aug '26","Centroavante móvel","6","Sem Bola +1",,"comprada:CA","v6","2026-08-15 00:57:38.046198+00","vaga livre — A COLETAR","105880691523462|Centroavante móvel|6"
"105880691523462","105880691523462","Brahim Diaz","80","PD","CAF Africa Cup of Nations Selection 13 Aug '26","Meia de lado por dentro","6","Sem Bola +1",,"comprada:MLE","v6","2026-08-15 00:57:38.046198+00","vaga livre — A COLETAR","105880691523462|Meia de lado por dentro|6"
"105880691523462","105880691523462","Brahim Diaz","80","PD","CAF Africa Cup of Nations Selection 13 Aug '26","Meia ofensivo armador","6","Criador de Jogadas +1",,"comprada:MO","v6","2026-08-15 00:57:38.046198+00","vaga livre — A COLETAR","105880691523462|Meia ofensivo armador|6"
"105880691523462","105880691523462","Brahim Diaz","80","PD","CAF Africa Cup of Nations Selection 13 Aug '26","Ponta criadora","6","Cruzamento +1",,"nativa","v6","2026-08-15 00:57:38.046198+00","vaga livre — A COLETAR","105880691523462|Ponta criadora|6"
"105880691523462","105880691523462","Brahim Diaz","80","PD","CAF Africa Cup of Nations Selection 13 Aug '26","Ponta finalizadora","6","Sem Bola +1",,"nativa","v6","2026-08-15 00:57:38.046198+00","vaga livre — A COLETAR","105880691523462|Ponta finalizadora|6"
"105880691532128","105880691532128","Rayan Ait-Nouri","80","LE","CAF Africa Cup of Nations Selection 13 Aug '26","Lateral defensivo","6","Duelo (Divididas) +1",,"nativa","v6","2026-08-15 00:57:38.046198+00","vaga livre — A COLETAR","105880691532128|Lateral defensivo|6"
"105880691532128","105880691532128","Rayan Ait-Nouri","80","LE","CAF Africa Cup of Nations Selection 13 Aug '26","Lateral ofensivo","6","Agilidade +1",,"nativa","v6","2026-08-15 00:57:38.046198+00","vaga livre — A COLETAR","105880691532128|Lateral ofensivo|6"
"105880691532128","105880691532128","Rayan Ait-Nouri","80","LE","CAF Africa Cup of Nations Selection 13 Aug '26","Meia de lado por dentro","6","Técnica +1",,"comprada:MLE","v6","2026-08-15 00:57:38.046198+00","vaga livre — A COLETAR","105880691532128|Meia de lado por dentro|6"
"105880691550364","105880691550364","Ismael Saibari","80","MO","CAF Africa Cup of Nations Selection 13 Aug '26","Centroavante móvel","6","Instinto Artilheiro +1",,"comprada:CA","v6","2026-08-15 00:57:38.046198+00","vaga livre — A COLETAR","105880691550364|Centroavante móvel|6"
"105880691550364","105880691550364","Ismael Saibari","80","MO","CAF Africa Cup of Nations Selection 13 Aug '26","Meia central armador","6","Técnica +1",,"comprada:MC","v6","2026-08-15 00:57:38.046198+00","vaga livre — A COLETAR","105880691550364|Meia central armador|6"
"105880691550364","105880691550364","Ismael Saibari","80","MO","CAF Africa Cup of Nations Selection 13 Aug '26","Meia de lado por dentro","6","Condução Técnica +1",,"comprada:MLE","v6","2026-08-15 00:57:38.046198+00","vaga livre — A COLETAR","105880691550364|Meia de lado por dentro|6"
"105880691550364","105880691550364","Ismael Saibari","80","MO","CAF Africa Cup of Nations Selection 13 Aug '26","Meia ofensivo armador","6","Criador de Jogadas +1",,"nativa","v6","2026-08-15 00:57:38.046198+00","vaga livre — A COLETAR","105880691550364|Meia ofensivo armador|6"
"105880691550364","105880691550364","Ismael Saibari","80","MO","CAF Africa Cup of Nations Selection 13 Aug '26","Ponta criadora","6","Fantasia +1",,"comprada:PE","v6","2026-08-15 00:57:38.046198+00","vaga livre — A COLETAR","105880691550364|Ponta criadora|6"
"105880691550364","105880691550364","Ismael Saibari","80","MO","CAF Africa Cup of Nations Selection 13 Aug '26","Segundo atacante","6","Instinto Artilheiro +1",,"nativa","v6","2026-08-15 00:57:38.046198+00","vaga livre — A COLETAR","105880691550364|Segundo atacante|6"
"105880691550364","105880691550364","Ismael Saibari","80","MO","CAF Africa Cup of Nations Selection 13 Aug '26","Volante de contenção","6","Vigor Físico +1",,"comprada:VOL","v6","2026-08-15 00:57:38.046198+00","vaga livre — A COLETAR","105880691550364|Volante de contenção|6"
"105880691550984","105880691550984","Omar Marmoush","83","CA","CAF Africa Cup of Nations Selection 13 Aug '26","Centroavante fixo","6","Chute +1",,"nativa","v6","2026-08-15 13:07:32.567967+00","vaga livre — A COLETAR","105880691550984|Centroavante fixo|6"
"105880691550984","105880691550984","Omar Marmoush","83","CA","CAF Africa Cup of Nations Selection 13 Aug '26","Centroavante móvel","6","Instinto Artilheiro +1",,"nativa","v6","2026-08-15 13:07:32.567967+00","vaga livre — A COLETAR","105880691550984|Centroavante móvel|6"
"105880691550984","105880691550984","Omar Marmoush","83","CA","CAF Africa Cup of Nations Selection 13 Aug '26","Falso nove","6","Instinto Artilheiro +1",,"nativa","v6","2026-08-15 13:07:32.567967+00","vaga livre — A COLETAR","105880691550984|Falso nove|6"
"105880691550984","105880691550984","Omar Marmoush","83","CA","CAF Africa Cup of Nations Selection 13 Aug '26","Meia de lado por dentro","6","Técnica +1",,"comprada:MLE","v6","2026-08-15 13:07:32.567967+00","vaga livre — A COLETAR","105880691550984|Meia de lado por dentro|6"
"105880691550984","105880691550984","Omar Marmoush","83","CA","CAF Africa Cup of Nations Selection 13 Aug '26","Ponta finalizadora","6","Agilidade +1",,"comprada:PE","v6","2026-08-15 13:07:32.567967+00","vaga livre — A COLETAR","105880691550984|Ponta finalizadora|6"
"113408","113408","Allan","74","MC",,"Lateral ofensivo","6","Cruzamento +1","linha_2876","comprada:LE","v6","2026-08-11 15:12:14.027392+00","vaga livre — A COLETAR","113408|Lateral ofensivo|6"
"113408","113408","Allan","74","MC",,"Meia central armador","6","Técnica +1","linha_12311","nativa","v6","2026-08-17 17:11:22.419678+00","vaga livre — A COLETAR","113408|Meia central armador|6"
"113408","113408","Allan","74","MC",,"Meia central de chegada","6","Cruzamento +1","linha_2877","nativa","v6","2026-08-11 15:14:20.609498+00","vaga livre — A COLETAR","113408|Meia central de chegada|6"
"113408","113408","Allan","74","MC",,"Meia de lado por dentro","6","Fantasia +1","linha_2878","comprada:MLE","v6","2026-08-11 15:18:27.40142+00","vaga livre — A COLETAR","113408|Meia de lado por dentro|6"
"113408","113408","Allan","74","MC",,"Meia ofensivo armador","6","Criador de Jogadas +1","linha_2881","comprada:MO","v6","2026-08-11 15:32:42.433126+00","vaga livre — A COLETAR","113408|Meia ofensivo armador|6"
"113408","113408","Allan","74","MC",,"Volante de construção","6","Passe +1","linha_2887","comprada:VOL","v6","2026-08-11 16:53:35.168713+00","vaga livre — A COLETAR","113408|Volante de construção|6"
"113760","113760","Luis Milla","76","MC",,"Meia central armador","6","Técnica +1","linha_3004","nativa","v6","2026-08-11 13:48:41.935793+00","vaga livre — A COLETAR","113760|Meia central armador|6"
"113760","113760","Luis Milla","76","MC",,"Meia central de chegada","6","Técnica +1","linha_3006","nativa","v6","2026-08-11 14:01:02.309174+00","vaga livre — A COLETAR","113760|Meia central de chegada|6"
"113760","113760","Luis Milla","76","MC",,"Meia de lado por fora","6","Técnica +1","linha_3008","comprada:MLE","v6","2026-08-11 14:07:17.77015+00","vaga livre — A COLETAR","113760|Meia de lado por fora|6"
"113760","113760","Luis Milla","76","MC",,"Meia ofensivo armador","6","Técnica +1","linha_3010","comprada:MO","v6","2026-08-11 14:09:24.291448+00","vaga livre — A COLETAR","113760|Meia ofensivo armador|6"
"113760","113760","Luis Milla","76","MC",,"Volante de construção","6","Reconstrução +1","linha_3026","comprada:VOL","v6","2026-08-11 14:52:03.865574+00","vaga livre — A COLETAR","113760|Volante de construção|6"
"114440","114440","Luiz Felipe","74","ZC",,"Zagueiro de combate","6","Bloqueio Aéreo +1","linha_2536","nativa","v6","2026-08-11 09:34:17.600917+00","vaga livre — A COLETAR","114440|Zagueiro de combate|6"
"114440","114440","Luiz Felipe","74","ZC",,"Zagueiro de saída","6","Bloqueio Aéreo +1","linha_2537","nativa","v6","2026-08-11 09:34:23.194744+00","vaga livre — A COLETAR","114440|Zagueiro de saída|6"
"123101","123101","Luiz Otavio","72","ZC",,"Zagueiro de combate","6","Defesa (Roubo) +1","linha_2991","nativa","v6","2026-08-11 12:49:13.035416+00","vaga livre — A COLETAR","123101|Zagueiro de combate|6"
"123101","123101","Luiz Otavio","72","ZC",,"Zagueiro de saída","6","Contra-ataque +1","linha_2990","nativa","v6","2026-08-11 12:49:13.24408+00","vaga livre — A COLETAR","123101|Zagueiro de saída|6"
"126979","126979","Eric Ramires","72","MC",,"Meia central armador","6","Técnica +1","linha_2884","nativa","v6","2026-08-11 16:17:09.533225+00","vaga livre — A COLETAR","126979|Meia central armador|6"
"126979","126979","Eric Ramires","72","MC",,"Meia central de chegada","6","Técnica +1","linha_2886","nativa","v6","2026-08-11 16:37:25.648242+00","vaga livre — A COLETAR","126979|Meia central de chegada|6"
"126979","126979","Eric Ramires","72","MC",,"Meia de lado por dentro","6","Arrancada +1","linha_2888","comprada:MLD","v6","2026-08-11 16:53:40.947012+00","vaga livre — A COLETAR","126979|Meia de lado por dentro|6"
"126979","126979","Eric Ramires","72","MC",,"Segundo atacante","6","Técnica +1","linha_2890","comprada:MO","v6","2026-08-11 16:59:48.616828+00","vaga livre — A COLETAR","126979|Segundo atacante|6"
"126979","126979","Eric Ramires","72","MC",,"Volante de contenção","6","Motor do Time +1","linha_2987","comprada:VOL","v6","2026-08-11 20:33:41.892418+00","vaga livre — A COLETAR","126979|Volante de contenção|6"
"128513","128513","Florentino Luis","76","VOL",,"Meia central armador","6","Técnica +1","linha_2993","comprada:MC","v6","2026-08-11 12:59:28.113565+00","vaga livre — A COLETAR","128513|Meia central armador|6"
"128513","128513","Florentino Luis","76","VOL",,"Volante de construção","6","Passe +1","linha_2997","nativa","v6","2026-08-11 13:16:04.61432+00","vaga livre — A COLETAR","128513|Volante de construção|6"
"128513","128513","Florentino Luis","76","VOL",,"Volante de contenção","6","Duelo +1","linha_2996","nativa","v6","2026-08-11 13:13:58.244511+00","vaga livre — A COLETAR","128513|Volante de contenção|6"
"130039","130039","Sabino","73","ZC",,"Zagueiro de combate","6","Reconstrução +1","linha_2872","nativa","v6","2026-08-11 14:47:50.412567+00","vaga livre — A COLETAR","130039|Zagueiro de combate|6"
"130039","130039","Sabino","73","ZC",,"Zagueiro de saída","6","Reconstrução +1","linha_2873","nativa","v6","2026-08-11 14:47:50.65529+00","vaga livre — A COLETAR","130039|Zagueiro de saída|6"
"140127","140127","Louis Patris","71","LD",,"Lateral defensivo","6","Duelo (Divididas) +1","linha_3013","nativa","v6","2026-08-11 14:11:30.794239+00","vaga livre — A COLETAR","140127|Lateral defensivo|6"
"140127","140127","Louis Patris","71","LD",,"Lateral ofensivo","6","Cruzamento +1","linha_3415","nativa","v6","2026-08-11 14:47:49.902827+00","vaga livre — A COLETAR","140127|Lateral ofensivo|6"
"140127","140127","Louis Patris","71","LD",,"Meia de lado por dentro","6","Técnica +1","linha_3781","comprada:MLD","v6","2026-08-11 15:18:27.617199+00","vaga livre — A COLETAR","140127|Meia de lado por dentro|6"
"140127","140127","Louis Patris","71","LD",,"Zagueiro de saída","6","Duelo (Divididas) +1","linha_3016","comprada:ZC","v6","2026-08-11 14:47:50.178491+00","vaga livre — A COLETAR","140127|Zagueiro de saída|6"
"35207","35207","David Luiz","74","ZC",,"Volante de contenção","6","Regista +1","linha_2995","comprada:VOL","v6","2026-08-11 12:49:11.455961+00","vaga livre — A COLETAR","35207|Volante de contenção|6"
"35207","35207","David Luiz","74","ZC",,"Zagueiro de combate","6","Bloqueio Aéreo +1","linha_2986","nativa","v6","2026-08-11 12:49:11.706028+00","vaga livre — A COLETAR","35207|Zagueiro de combate|6"
"35207","35207","David Luiz","74","ZC",,"Zagueiro de saída","6","Bloqueio Aéreo +1","linha_2989","nativa","v6","2026-08-11 12:49:11.947595+00","vaga livre — A COLETAR","35207|Zagueiro de saída|6"
"387113187136582","387113187136582","Yacine Adli","79","MO","Italian League Selection Midfielders 4 Dec '23","Centroavante móvel","6","Fantasia +1","linha_12026","comprada:CA","v6","2026-08-10 17:21:27.614742+00","vaga livre — A COLETAR","387113187136582|Centroavante móvel|6"
"387113187136582","387113187136582","Yacine Adli","79","MO","Italian League Selection Midfielders 4 Dec '23","Meia central armador","6","Condução Técnica +1","linha_12027","comprada:MC","v6","2026-08-10 17:21:21.685925+00","vaga livre — A COLETAR","387113187136582|Meia central armador|6"
"387113187136582","387113187136582","Yacine Adli","79","MO","Italian League Selection Midfielders 4 Dec '23","Meia de lado por dentro","6","Precisão +1","linha_12028","comprada:MLE","v6","2026-08-10 17:21:22.11063+00","vaga livre — A COLETAR","387113187136582|Meia de lado por dentro|6"
"387113187136582","387113187136582","Yacine Adli","79","MO","Italian League Selection Midfielders 4 Dec '23","Meia ofensivo armador","6","Precisão +1","linha_12029","nativa","v6","2026-08-10 17:21:21.86853+00","vaga livre — A COLETAR","387113187136582|Meia ofensivo armador|6"
"387113187136582","387113187136582","Yacine Adli","79","MO","Italian League Selection Midfielders 4 Dec '23","Ponta criadora","6","Precisão +1","linha_12030","comprada:PD","v6","2026-08-16 02:29:41.759343+00","vaga livre — A COLETAR","387113187136582|Ponta criadora|6"
"387113187136582","387113187136582","Yacine Adli","79","MO","Italian League Selection Midfielders 4 Dec '23","Segundo atacante","6","Condução Técnica +1","linha_12031","nativa","v6","2026-08-10 17:21:30.551883+00","vaga livre — A COLETAR","387113187136582|Segundo atacante|6"
"387113187136582","387113187136582","Yacine Adli","79","MO","Italian League Selection Midfielders 4 Dec '23","Volante de contenção","6","Criador de Jogadas +1","linha_12032","comprada:VOL","v6","2026-08-10 17:21:30.780159+00","vaga livre — A COLETAR","387113187136582|Volante de contenção|6"
"43387","43387","Luis Advincula","74","LD",,"Lateral defensivo","6","Reconstrução +1","linha_2999","nativa","v6","2026-08-11 13:16:04.84661+00","vaga livre — A COLETAR","43387|Lateral defensivo|6"
"43387","43387","Luis Advincula","74","LD",,"Lateral ofensivo","6","Agilidade +1","linha_3002","nativa","v6","2026-08-11 13:22:12.004915+00","vaga livre — A COLETAR","43387|Lateral ofensivo|6"
"43387","43387","Luis Advincula","74","LD",,"Meia central armador","6","Passe +1","linha_3001","comprada:MC","v6","2026-08-11 13:28:19.153541+00","vaga livre — A COLETAR","43387|Meia central armador|6"
"43387","43387","Luis Advincula","74","LD",,"Meia de lado por dentro","6","Agilidade +1","linha_3007","comprada:MLD","v6","2026-08-11 13:58:56.073075+00","vaga livre — A COLETAR","43387|Meia de lado por dentro|6"
"43387","43387","Luis Advincula","74","LD",,"Meia ofensivo armador","6","Passe +1","linha_3005","comprada:MO","v6","2026-08-11 13:54:49.260727+00","vaga livre — A COLETAR","43387|Meia ofensivo armador|6"
"43387","43387","Luis Advincula","74","LD",,"Ponta finalizadora","6","Técnica +1","linha_12332","comprada:PE","v6","2026-08-17 17:16:05.563275+00","vaga livre — A COLETAR","43387|Ponta finalizadora|6"
"44636","44636","Luis Muriel","74","CA",,"Centroavante fixo","6","Instinto Artilheiro +1","linha_2992","nativa","v6","2026-08-11 12:49:13.93004+00","vaga livre — A COLETAR","44636|Centroavante fixo|6"
"44636","44636","Luis Muriel","74","CA",,"Centroavante móvel","6","Sem Bola +1","linha_2994","nativa","v6","2026-08-11 12:55:21.460269+00","vaga livre — A COLETAR","44636|Centroavante móvel|6"
"44636","44636","Luis Muriel","74","CA",,"Falso nove","6","Criador de Jogadas +1","linha_12343","nativa","v6","2026-08-17 17:18:21.283702+00","vaga livre — A COLETAR","44636|Falso nove|6"
"44636","44636","Luis Muriel","74","CA",,"Ponta finalizadora","6","Agilidade +1","linha_12336","comprada:PD","v6","2026-08-17 17:16:39.645816+00","vaga livre — A COLETAR","44636|Ponta finalizadora|6"
"45774","45774","Raul Caceres","70","LD",,"Lateral defensivo","6","Motor do Time +1","linha_2889","nativa","v6","2026-08-11 16:59:47.862127+00","vaga livre — A COLETAR","45774|Lateral defensivo|6"
"45774","45774","Raul Caceres","70","LD",,"Lateral ofensivo","6","Agilidade +1","linha_2891","nativa","v6","2026-08-11 17:19:58.676352+00","vaga livre — A COLETAR","45774|Lateral ofensivo|6"
"45774","45774","Raul Caceres","70","LD",,"Meia de lado por dentro","6","Sem Bola +1","linha_2984","comprada:MLD","v6","2026-08-11 20:33:41.287252+00","vaga livre — A COLETAR","45774|Meia de lado por dentro|6"
"45774","45774","Raul Caceres","70","LD",,"Ponta finalizadora","6","Condução Técnica +1","linha_12362","comprada:PD","v6","2026-08-17 17:28:29.068047+00","vaga livre — A COLETAR","45774|Ponta finalizadora|6"
"45774","45774","Raul Caceres","70","LD",,"Zagueiro de saída","6","Duelo +1","linha_2892","comprada:ZC","v6","2026-08-11 17:19:58.929042+00","vaga livre — A COLETAR","45774|Zagueiro de saída|6"
"46614","46614","Lucas Silva","73","MC",,"Meia central armador","6","Técnica +1","linha_2880","nativa","v6","2026-08-11 15:30:36.094299+00","vaga livre — A COLETAR","46614|Meia central armador|6"
"46614","46614","Lucas Silva","73","MC",,"Meia central de chegada","6","Técnica +1","linha_2882","nativa","v6","2026-08-11 15:56:53.467179+00","vaga livre — A COLETAR","46614|Meia central de chegada|6"
"46614","46614","Lucas Silva","73","MC",,"Meia de lado por dentro","6","Técnica +1","linha_2885","comprada:MLD","v6","2026-08-11 16:35:19.294995+00","vaga livre — A COLETAR","46614|Meia de lado por dentro|6"
"46614","46614","Lucas Silva","73","MC",,"Meia ofensivo armador","6","Técnica +1","linha_2883","comprada:MO","v6","2026-08-11 16:11:02.38752+00","vaga livre — A COLETAR","46614|Meia ofensivo armador|6"
"46614","46614","Lucas Silva","73","MC",,"Volante de construção","6","Técnica +1","linha_3011","comprada:VOL","v6","2026-08-11 22:16:55.183454+00","vaga livre — A COLETAR","46614|Volante de construção|6"
"52847693645299","52847693645299","Douglas Luiz","93","MC","POTW 26 Oct '23","Meia central armador","6","Condução Técnica +1","linha_2290","nativa","v6","2026-08-10 17:21:06.778383+00","vaga livre — A COLETAR","52847693645299|Meia central armador|6"
"52847693645299","52847693645299","Douglas Luiz","93","MC","POTW 26 Oct '23","Meia central de chegada","6","Precisão +1","linha_2292","nativa","v6","2026-08-10 17:21:12.231875+00","vaga livre — A COLETAR","52847693645299|Meia central de chegada|6"
"52847693645299","52847693645299","Douglas Luiz","93","MC","POTW 26 Oct '23","Meia ofensivo armador","6","Passe +1","linha_2293","comprada:MO","v6","2026-08-10 17:21:12.393688+00","vaga livre — A COLETAR","52847693645299|Meia ofensivo armador|6"
"52847693645299","52847693645299","Douglas Luiz","93","MC","POTW 26 Oct '23","Volante de construção","6","Motor do Time +1","linha_2294","comprada:VOL","v6","2026-08-10 17:21:12.566774+00","vaga livre — A COLETAR","52847693645299|Volante de construção|6"
"52851988616262","52851988616262","Yacine Adli","91","MO","POTW 18 Jan '24","Meia central armador","6","Física +1","linha_2302","comprada:MC","v6","2026-08-10 17:21:13.909596+00","vaga livre — A COLETAR","52851988616262|Meia central armador|6"
"52851988616262","52851988616262","Yacine Adli","91","MO","POTW 18 Jan '24","Meia de lado por dentro","6","Técnica +1","linha_2305","comprada:MLE","v6","2026-08-10 17:21:14.424514+00","vaga livre — A COLETAR","52851988616262|Meia de lado por dentro|6"
"52851988616262","52851988616262","Yacine Adli","91","MO","POTW 18 Jan '24","Meia ofensivo armador","6","Técnica +1","linha_2306","nativa","v6","2026-08-10 17:21:14.595408+00","vaga livre — A COLETAR","52851988616262|Meia ofensivo armador|6"
"52851988616262","52851988616262","Yacine Adli","91","MO","POTW 18 Jan '24","Ponta criadora","6","Técnica +1",,"comprada:PE","v6","2026-08-15 13:07:36.240914+00","vaga livre — A COLETAR","52851988616262|Ponta criadora|6"
"52851988616262","52851988616262","Yacine Adli","91","MO","POTW 18 Jan '24","Segundo atacante","6","Técnica +1","linha_2307","nativa","v6","2026-08-10 17:21:14.767718+00","vaga livre — A COLETAR","52851988616262|Segundo atacante|6"
"52851988616262","52851988616262","Yacine Adli","91","MO","POTW 18 Jan '24","Volante de contenção","6","Cobrança de Falta +1","linha_2366","comprada:VOL","v6","2026-08-10 17:21:16.383441+00","vaga livre — A COLETAR","52851988616262|Volante de contenção|6"
"52851988649521","52851988649521","Antonio Silva","93","ZC","POTW 18 Jan '24","Zagueiro de combate","6","Reconstrução +1","linha_2295","nativa","v6","2026-08-10 17:21:12.714398+00","vaga livre — A COLETAR","52851988649521|Zagueiro de combate|6"
"52851988649521","52851988649521","Antonio Silva","93","ZC","POTW 18 Jan '24","Zagueiro de saída","6","Duelo +1","linha_2296","nativa","v6","2026-08-10 17:21:12.896264+00","vaga livre — A COLETAR","52851988649521|Zagueiro de saída|6"
"52884200904241","52884200904241","Antonio Silva","94","ZC","POTW European Club Championship 20 Feb '25","Zagueiro de combate","6","Duelo +1","linha_2280","nativa","v6","2026-08-10 17:21:04.801407+00","vaga livre — A COLETAR","52884200904241|Zagueiro de combate|6"
"52884200904241","52884200904241","Antonio Silva","94","ZC","POTW European Club Championship 20 Feb '25","Zagueiro de saída","6","Duelo +1","linha_2281","nativa","v6","2026-08-10 17:21:05.025795+00","vaga livre — A COLETAR","52884200904241|Zagueiro de saída|6"
"52901380742826","52901380742826","Hidemasa Morita","93","VOL","POTW 21 May '26","Meia central de chegada","6","Técnica +1","linha_2300","comprada:MC","v6","2026-08-10 17:21:13.562492+00","vaga livre — A COLETAR","52901380742826|Meia central de chegada|6"
"52901380742826","52901380742826","Hidemasa Morita","93","VOL","POTW 21 May '26","Volante de construção","6","Precisão +1","linha_2298","nativa","v6","2026-08-10 17:21:13.232683+00","vaga livre — A COLETAR","52901380742826|Volante de construção|6"
"52901380742826","52901380742826","Hidemasa Morita","93","VOL","POTW 21 May '26","Volante de contenção","6","Contra-ataque +1","linha_2299","nativa","v6","2026-08-10 17:21:13.395101+00","vaga livre — A COLETAR","52901380742826|Volante de contenção|6"
"53968680104710","53968680104710","Joao Ricardo","91","GO","POTM Brasileirão Benato 13 Jun '24","Goleiro ofensivo","6","Defesaça +1","linha_8220","comprada:GK","v6","2026-08-12 00:14:01.059442+00","vaga livre — A COLETAR","53968680104710|Goleiro ofensivo|6"
"53970559146077","53970559146077","Rafael Borre","92","CA","POTM Brazilian League 10 Oct '24","Centroavante fixo","6","Instinto Artilheiro +1","linha_2301","nativa","v6","2026-08-10 17:21:13.73131+00","vaga livre — A COLETAR","53970559146077|Centroavante fixo|6"
"53970559146077","53970559146077","Rafael Borre","92","CA","POTM Brazilian League 10 Oct '24","Centroavante móvel","6","Instinto Artilheiro +1","linha_2303","nativa","v6","2026-08-10 17:21:14.080538+00","vaga livre — A COLETAR","53970559146077|Centroavante móvel|6"
"53970559146077","53970559146077","Rafael Borre","92","CA","POTM Brazilian League 10 Oct '24","Falso nove","6","Instinto Artilheiro +1",,"nativa","v6","2026-08-15 13:07:36.240914+00","vaga livre — A COLETAR","53970559146077|Falso nove|6"
"53970559146077","53970559146077","Rafael Borre","92","CA","POTM Brazilian League 10 Oct '24","Meia ofensivo armador","6","Condução Técnica +1","linha_2304","comprada:MO","v6","2026-08-10 17:21:14.260077+00","vaga livre — A COLETAR","53970559146077|Meia ofensivo armador|6"
"53970559146077","53970559146077","Rafael Borre","92","CA","POTM Brazilian League 10 Oct '24","Ponta finalizadora","6","Física +1",,"comprada:PE","v6","2026-08-15 13:07:36.240914+00","vaga livre — A COLETAR","53970559146077|Ponta finalizadora|6"
"53974854120198","53974854120198","Joao Ricardo","93","GO","POTM Brazilian League 15 May '25","Goleiro ofensivo","6","Qualidade Goleiro +1","linha_8178","comprada:GK","v6","2026-08-12 00:14:00.852952+00","vaga livre — A COLETAR","53974854120198|Goleiro ofensivo|6"
"53975122505049","53975122505049","Erik Lima","90","PTE","POTM J1 LEAGUE 15 May '25","Centroavante móvel","6","Sem Bola +1","linha_2308","comprada:CA","v6","2026-08-10 17:21:14.978172+00","vaga livre — A COLETAR","53975122505049|Centroavante móvel|6"
"53975122505049","53975122505049","Erik Lima","90","PTE","POTM J1 LEAGUE 15 May '25","Meia de lado por dentro","6","Condução Técnica +1","linha_2309","comprada:MLE","v6","2026-08-10 17:21:15.166759+00","vaga livre — A COLETAR","53975122505049|Meia de lado por dentro|6"
"53975122505049","53975122505049","Erik Lima","90","PTE","POTM J1 LEAGUE 15 May '25","Meia ofensivo armador","6","Física +1","linha_2310","comprada:MO","v6","2026-08-10 17:21:15.333331+00","vaga livre — A COLETAR","53975122505049|Meia ofensivo armador|6"
"53975122505049","53975122505049","Erik Lima","90","PTE","POTM J1 LEAGUE 15 May '25","Ponta criadora","6","Física +1",,"nativa","v6","2026-08-15 13:07:36.240914+00","vaga livre — A COLETAR","53975122505049|Ponta criadora|6"
"53975122505049","53975122505049","Erik Lima","90","PTE","POTM J1 LEAGUE 15 May '25","Ponta finalizadora","6","Agilidade +1",,"nativa","v6","2026-08-15 13:07:36.240914+00","vaga livre — A COLETAR","53975122505049|Ponta finalizadora|6"
"53975927864176","53975927864176","Rafael Ratao","90","MO","POTM J1 LEAGUE 12 Jun '25","Centroavante móvel","6","Instinto Artilheiro +1","linha_2311","comprada:CA","v6","2026-08-10 17:21:15.564887+00","vaga livre — A COLETAR","53975927864176|Centroavante móvel|6"
"53975927864176","53975927864176","Rafael Ratao","90","MO","POTM J1 LEAGUE 12 Jun '25","Meia central de chegada","6","Física +1","linha_2312","comprada:MC","v6","2026-08-10 17:21:15.727827+00","vaga livre — A COLETAR","53975927864176|Meia central de chegada|6"
"53975927864176","53975927864176","Rafael Ratao","90","MO","POTM J1 LEAGUE 12 Jun '25","Meia de lado por dentro","6","Agilidade +1","linha_2313","comprada:MLE","v6","2026-08-10 17:21:15.881834+00","vaga livre — A COLETAR","53975927864176|Meia de lado por dentro|6"
"53975927864176","53975927864176","Rafael Ratao","90","MO","POTM J1 LEAGUE 12 Jun '25","Meia ofensivo armador","6","Fantasia +1","linha_2314","nativa","v6","2026-08-10 17:21:16.051375+00","vaga livre — A COLETAR","53975927864176|Meia ofensivo armador|6"
"53975927864176","53975927864176","Rafael Ratao","90","MO","POTM J1 LEAGUE 12 Jun '25","Ponta finalizadora","6","Agilidade +1",,"comprada:PE","v6","2026-08-15 13:07:36.240914+00","vaga livre — A COLETAR","53975927864176|Ponta finalizadora|6"
"53975927864176","53975927864176","Rafael Ratao","90","MO","POTM J1 LEAGUE 12 Jun '25","Segundo atacante","6","Técnica +1","linha_2315","nativa","v6","2026-08-10 17:21:16.211132+00","vaga livre — A COLETAR","53975927864176|Segundo atacante|6"
"55067654796153","55067654796153","Ilkay Gundogan","96","MC","POTS Spanish League 23-24","Meia central armador","6","Passe +1","linha_2277","nativa","v6","2026-08-10 17:21:04.064111+00","vaga livre — A COLETAR","55067654796153|Meia central armador|6"
"55067654796153","55067654796153","Ilkay Gundogan","96","MC","POTS Spanish League 23-24","Meia central de chegada","6","Motor do Time +1","linha_2279","nativa","v6","2026-08-10 17:21:04.600242+00","vaga livre — A COLETAR","55067654796153|Meia central de chegada|6"
"55067654796153","55067654796153","Ilkay Gundogan","96","MC","POTS Spanish League 23-24","Meia ofensivo armador","6","Passe +1","linha_2278","comprada:MO","v6","2026-08-10 17:21:04.346113+00","vaga livre — A COLETAR","55067654796153|Meia ofensivo armador|6"
"55067654796153","55067654796153","Ilkay Gundogan","96","MC","POTS Spanish League 23-24","Volante de construção","6","Precisão +1","linha_2282","comprada:VOL","v6","2026-08-10 17:21:05.265037+00","vaga livre — A COLETAR","55067654796153|Volante de construção|6"
"55069533944959","55069533944959","Joaquin Piquerez","94","LE","POTS Brazilian League 2025","Lateral defensivo","6","Motor do Time +1","linha_2283","nativa","v6","2026-08-10 17:21:05.463907+00","vaga livre — A COLETAR","55069533944959|Lateral defensivo|6"
"55069533944959","55069533944959","Joaquin Piquerez","94","LE","POTS Brazilian League 2025","Lateral ofensivo","6","Agilidade +1","linha_2285","nativa","v6","2026-08-10 17:21:05.894884+00","vaga livre — A COLETAR","55069533944959|Lateral ofensivo|6"
"55069533944959","55069533944959","Joaquin Piquerez","94","LE","POTS Brazilian League 2025","Meia de lado por dentro","6","Técnica +1","linha_2286","comprada:MLE","v6","2026-08-10 17:21:06.071548+00","vaga livre — A COLETAR","55069533944959|Meia de lado por dentro|6"
"55069533944959","55069533944959","Joaquin Piquerez","94","LE","POTS Brazilian League 2025","Zagueiro de saída","6","Arrancada +1","linha_2284","comprada:ZC","v6","2026-08-10 17:21:05.731812+00","vaga livre — A COLETAR","55069533944959|Zagueiro de saída|6"
"55070339218528","55070339218528","Luis Milla","94","MC","POTS Spanish League 25-26","Meia central armador","6","Técnica +1","linha_2287","nativa","v6","2026-08-10 17:21:06.250912+00","vaga livre — A COLETAR","55070339218528|Meia central armador|6"
"55070339218528","55070339218528","Luis Milla","94","MC","POTS Spanish League 25-26","Meia central de chegada","6","Técnica +1","linha_2288","nativa","v6","2026-08-10 17:21:06.459548+00","vaga livre — A COLETAR","55070339218528|Meia central de chegada|6"
"55070339218528","55070339218528","Luis Milla","94","MC","POTS Spanish League 25-26","Meia de lado por fora","6","Sem Bola +1","linha_2297","comprada:MLE","v6","2026-08-10 17:21:13.069918+00","vaga livre — A COLETAR","55070339218528|Meia de lado por fora|6"
"55070339218528","55070339218528","Luis Milla","94","MC","POTS Spanish League 25-26","Meia ofensivo armador","6","Técnica +1","linha_2289","comprada:MO","v6","2026-08-10 17:21:06.625005+00","vaga livre — A COLETAR","55070339218528|Meia ofensivo armador|6"
"55070339218528","55070339218528","Luis Milla","94","MC","POTS Spanish League 25-26","Volante de construção","6","Contra-ataque +1","linha_2291","comprada:VOL","v6","2026-08-10 17:21:06.961927+00","vaga livre — A COLETAR","55070339218528|Volante de construção|6"
"60789","60789","Victor Luis","70","LE",,"Lateral defensivo","6","Duelo +1","linha_3009","nativa","v6","2026-08-11 14:05:11.210792+00","vaga livre — A COLETAR","60789|Lateral defensivo|6"
"60789","60789","Victor Luis","70","LE",,"Lateral ofensivo","6","Agilidade +1","linha_3014","nativa","v6","2026-08-11 14:31:40.783049+00","vaga livre — A COLETAR","60789|Lateral ofensivo|6"
"60789","60789","Victor Luis","70","LE",,"Meia de lado por dentro","6","Técnica +1","linha_3015","comprada:MLE","v6","2026-08-11 14:49:57.006621+00","vaga livre — A COLETAR","60789|Meia de lado por dentro|6"
"60789","60789","Victor Luis","70","LE",,"Zagueiro de saída","6","Duelo +1","linha_3012","comprada:ZC","v6","2026-08-11 14:09:24.509141+00","vaga livre — A COLETAR","60789|Zagueiro de saída|6"

